,author id,created_at,geo,id,lang,like_count,quote_count,reply_count,retweet_count,source,tweet,username,name
0,1315014374378143750,2022-09-29 18:39:10+00:00, ,1575555803288936450,de,1,0,0,0,Instagram,ğŸ’«Wer frÃ¼h wÃ¤hlt wÃ¤hlt sicher!! #vdb #bundesprÃ¤sident ğŸ—¿ https://t.co/yGuExfH1kY,HadlG,Gabriele Hadl GrÃ¼ne in Poertschach a. Woerthersee
1,1095052872373469185,2022-09-29 18:35:07+00:00, ,1575554783858917377,de,0,0,0,17,Twitter for Android,"RT @IliasUyar: In Kenntnis, dass die Aserbaidschanische Botschaft #Berlin mit Hassparolen gegen #Armenien plakatiert ist, hat #BundesprÃ¤sidâ€¦",LastJens1,LastJens
2,1024915398,2022-09-29 18:26:05+00:00, ,1575552508420050944,de,0,0,0,51,Twitter Web App,"RT @IliasUyar: Hi @AuswaertigesAmt, dem diplomatischen Niveau von #Aserbaidschan mag es entsprechen, ist es aber fÃ¼r Sie akzeptabel, wenn dâ€¦",Suuyuki_Sui,Suuyuki ğŸ•ï¸â˜•ï¸ğŸš©
3,760544378175848449,2022-09-29 18:08:53+00:00, ,1575548181794140160,de,0,0,0,0,Twitter for Android,"@morgenpost was will der volksfremde unnÃ¶tige #bundespraesident #Steinmeier.lebt fett in einem Schloss,umgeben von Dienern,KÃ¶chen etc.
hat spÃ¤ter fette Pension!
fÃ¼r was?
der hat 3, 4 unwichtige Aufgaben,die man umdeligieren kann&amp;nix zu sagen.
weg mit der zu teuren Kostenstelle!
#Politik",schenser21,Schenser
4,936929339714629633,2022-09-29 17:53:13+00:00, ,1575544241249345536,qme,0,0,0,1,Twitter Web App,"RT @jerzy_freitag: #Gendern #BundesprÃ¤sident

https://t.co/rOStB9KHlT https://t.co/RMP1zBxaMM",DirkSchumann77,Dirk Schumann
5,1437020636359036931,2022-09-29 16:57:33+00:00, ,1575530230403530752,de,0,0,0,0,Twitter Web App,"Wann bestellt @vanderbellen @johannes_rauch zu sich und gibt ihm deutlich zu verstehen, dass er SEINE VERDAMMTE ARBEIT MACHEN SOLL?!?!? Und den Herrn #Polaschek am besten gleich dazu. #Rauch #Schulen #CovidIsntOver #LongCovid #BundesprÃ¤sident https://t.co/f5jzztsRv6",weitracher,Ferdinand Weitracher
6,1236662513678376962,2022-09-29 16:50:01+00:00, ,1575528336348295168,de,0,0,0,51,Twitter for iPhone,"RT @IliasUyar: Hi @AuswaertigesAmt, dem diplomatischen Niveau von #Aserbaidschan mag es entsprechen, ist es aber fÃ¼r Sie akzeptabel, wenn dâ€¦",Bongolicious11,Vicious Vicious- everyone gets stitches
7,1392569762790662147,2022-09-29 16:02:27+00:00, ,1575516364353183744,de,1,1,0,0,Twitter Web App,"Schnitt der letzten 6 Umfragen:
UHBP #vanderbellen liegt bei 52%, gefolgt von #Rosenranz mit 15% und #Wlazny mit 11%. Dahinter Wallentin (9%), Grosz (8%), Brunner (4%) und #Staudinger (2%).
#wahl2022 #bundespraesident #bpwahl2022 #bpw2022 https://t.co/GSnbUQCJgU",Austrianier06,Mir_fÃ¤llt_kein_Name_ein ğŸ’‰ğŸ’‰ğŸ’‰ğŸ’‰
8,29674394,2022-09-29 15:23:59+00:00, ,1575506685476876289,de,0,0,0,1,Twitter for Android,RT @hashtag_jetzt: Die Qual der Wahl. Part 3/7 @marcopogo666 #marcopogo #dominikwlazny #bundesprÃ¤sident #Ã¶sterreich #bpw22 #Wahlen https://â€¦,apfl,Stefan Apfl
9,1313735295813120002,2022-09-29 15:19:50+00:00, ,1575505638095872001,de,0,0,0,17,Twitter for iPhone,"RT @IliasUyar: In Kenntnis, dass die Aserbaidschanische Botschaft #Berlin mit Hassparolen gegen #Armenien plakatiert ist, hat #BundesprÃ¤sidâ€¦",knowyourbrain20,Amazons Rising
10,4249555119,2022-09-29 15:01:59+00:00, ,1575501146222784514,qme,1,0,0,1,Twitter Web App,"#Gendern #BundesprÃ¤sident

https://t.co/rOStB9KHlT https://t.co/RMP1zBxaMM",jerzy_freitag,Jerzy Freitag
11,4249555119,2022-09-29 15:01:17+00:00, ,1575500971035152385,qme,2,0,0,0,Twitter Web App,"#Gendern #BundesprÃ¤sident

https://t.co/jlCVvQSwQQ https://t.co/Dl4fWQSDaj",jerzy_freitag,Jerzy Freitag
12,2818520675,2022-09-29 14:52:44+00:00, ,1575498819730481152,de,0,0,0,17,Twitter Web App,"RT @IliasUyar: In Kenntnis, dass die Aserbaidschanische Botschaft #Berlin mit Hassparolen gegen #Armenien plakatiert ist, hat #BundesprÃ¤sidâ€¦",WatsiKengo,Michael KramhÃ¶lerğŸ‡¦ğŸ‡²
13,3620203168,2022-09-29 13:17:25+00:00, ,1575474829959999488,de,0,0,0,0,Twitter for Android,"#Hofburg #BundesprÃ¤sident #Wahl... angesichts des  angebots und weil es zu hnehin zuviele baustellen gibt, lasst uns die Sache bitte gleich am 09. zu ende bringen... danke...",gregorwithalm,Dr. Gregor Withalm
14,1032213336916680704,2022-09-29 13:06:16+00:00,f40c07b2ee2991df,1575472025417793536,de,3,1,0,0,Twitter for iPhone,"Ein Hallo von Spargelino &amp; den Kids der Kita Sonnenschein â˜€ï¸ #BundesprÃ¤sident Frank-Walter #Steinmeier besucht heute die #Laga2022 in der @Stadt_Beelitz. Auch ein Rundgang durch die sanierte Innenstadt steht auf dem Programm. Willkommen im blÃ¼henden, mÃ¤rkischen SpÃ¤tsommer! ğŸ‚ğŸŒºğŸŒ¼ https://t.co/JTvLHay7sb",staatskanzleibb,Staatskanzlei Brandenburg
15,29674394,2022-09-29 13:00:38+00:00, ,1575470608581890056,de,0,0,0,1,Twitter for Android,RT @hashtag_jetzt: Die Qual der Wahl. Hier die Alternative @geraldgrosz 2/7. #wienstabil #geraldgrosz #bundesprÃ¤sident #Ã¶sterreich #bpw22 hâ€¦,apfl,Stefan Apfl
16,1510586596487221250,2022-09-29 12:50:00+00:00, ,1575467933047967744,de,0,0,0,1,Twitter for iPhone,RT @HorstSchauerte: Eigentlich mÃ¼sste man ja Herrn #rosenkranz von der #fpoe zum #BundesprÃ¤sident in #Oesterreich wÃ¤hlen. Erst ist der einzâ€¦,Dimitrova0405,Darina
17,1351563234441113602,2022-09-29 12:37:11+00:00, ,1575464705182900225,de,10,0,0,1,Twitter Web App,Die Qual der Wahl. Part 3/7 @marcopogo666 #marcopogo #dominikwlazny #bundesprÃ¤sident #Ã¶sterreich #bpw22 #Wahlen https://t.co/JLJIefDCRw,hashtag_jetzt,hashtag_jetzt
18,7157322,2022-09-29 12:36:48+00:00, ,1575464612333494273,de,0,0,0,4,Twitter for iPhone,RT @hashtag_jetzt: Die Qual der Wahl. Wir starten mit dem Titelverteidiger  @vanderbellen 1/7! #bpwahl #bundesprÃ¤sident #politikoida #wiensâ€¦,lukele,Lukas Pitschl
19,1351563234441113602,2022-09-29 11:18:32+00:00, ,1575444912660692992,de,18,4,1,1,Twitter Web App,Die Qual der Wahl. Hier die Alternative @geraldgrosz 2/7. #wienstabil #geraldgrosz #bundesprÃ¤sident #Ã¶sterreich #bpw22 https://t.co/NWEpgXI8oF,hashtag_jetzt,hashtag_jetzt
20,1498359533286174722,2022-09-29 11:03:16+00:00, ,1575441072427352065,de,0,0,0,0,Twitter Web App,"die LÃ¼gen und Verirrungen nehmen kein Ende
#bundespraesident #Steinmeier #Deutschland https://t.co/9HdfgaeMrb",Burkhard2022,Burkhard
21,1312791662222024704,2022-09-29 10:59:16+00:00, ,1575440066196955136,de,0,0,0,17,Twitter for Android,"RT @IliasUyar: In Kenntnis, dass die Aserbaidschanische Botschaft #Berlin mit Hassparolen gegen #Armenien plakatiert ist, hat #BundesprÃ¤sidâ€¦",WolfGangL81,Wolfgang
22,2387543031,2022-09-29 10:12:33+00:00, ,1575428307323002881,de,10,0,3,1,Twitter for Android,"Eigentlich mÃ¼sste man ja Herrn #rosenkranz von der #fpoe zum #BundesprÃ¤sident in #Oesterreich wÃ¤hlen. Erst ist der einzige Kandidat, von dem man sicher weiÃŸ, dass er eine Brille festhalten kann. Tolle Sache. Sowas Ã¼berzeugt. https://t.co/fmuV7LACnC",HorstSchauerte,Horst Schauerte ğŸ‡¦ğŸ‡¹ğŸ‡ºğŸ‡¦ğŸ‡¦ğŸ‡©ğŸ‡ªğŸ‡º
23,631069130,2022-09-29 09:43:00+00:00, ,1575420874081157120,de,0,0,0,0,Twitter Web App,Unsere Kandidaten fÃ¼r die BundesprÃ¤sidentschaft ist eine Freakshow. Man sollte mit Ihnen auf Ã–sterreich-Tour gehen und ausstellen. #Zirkus #BundesprÃ¤sident,fliesser,bernd fliesser
24,1433146293883396096,2022-09-29 09:14:40+00:00, ,1575413742182989824,de,0,0,0,51,Twitter for Android,"RT @IliasUyar: Hi @AuswaertigesAmt, dem diplomatischen Niveau von #Aserbaidschan mag es entsprechen, ist es aber fÃ¼r Sie akzeptabel, wenn dâ€¦",KyureghyanM,MK #RecognizeArtsakh
25,1846132471,2022-09-29 09:00:39+00:00, ,1575410215180292097,de,0,0,0,4,Twitter for iPad,RT @hashtag_jetzt: Die Qual der Wahl. Wir starten mit dem Titelverteidiger  @vanderbellen 1/7! #bpwahl #bundesprÃ¤sident #politikoida #wiensâ€¦,Kl_pulcino,KlStasny ğŸ‡ºğŸ‡¦ğŸ‡ªğŸ‡ºğŸ‡¦ğŸ‡¹
26,321663157,2022-09-29 08:39:39+00:00, ,1575404931388948480,de,0,0,0,17,Twitter for iPhone,"RT @IliasUyar: In Kenntnis, dass die Aserbaidschanische Botschaft #Berlin mit Hassparolen gegen #Armenien plakatiert ist, hat #BundesprÃ¤sidâ€¦",ilkcaglaa,Cagla Ilk
27,908346504989085699,2022-09-29 08:35:54+00:00, ,1575403984009007105,de,0,0,0,17,Twitter for iPhone,"RT @IliasUyar: In Kenntnis, dass die Aserbaidschanische Botschaft #Berlin mit Hassparolen gegen #Armenien plakatiert ist, hat #BundesprÃ¤sidâ€¦",kngregorian,Karnik Gregorian
28,985139499968684033,2022-09-29 08:01:18+00:00, ,1575395277502140418,de,0,0,0,0,Twitter for iPhone,#Faschistischer Abschaum aus #Azerbaidjan ist in #Deutschland gelandet und vom #BundesprÃ¤sident #Steinmeier empfangen worden. https://t.co/YizZtJz0cP,KatchNazar,Katch Nazar
29,139644454,2022-09-29 07:50:03+00:00, ,1575392448846626816,de,0,0,0,17,Twitter for Android,"RT @IliasUyar: In Kenntnis, dass die Aserbaidschanische Botschaft #Berlin mit Hassparolen gegen #Armenien plakatiert ist, hat #BundesprÃ¤sidâ€¦",Hayzhan,Zhanna Hay
30,1545025833059991552,2022-09-29 07:41:15+00:00, ,1575390233134235648,de,0,0,0,0,Twitter Web App,"Ein idealer #BundesprÃ¤sident ist aus Sicht der Ã–sterreicher Krisenmanager, Diplomat und Moralinstanz in einem. Den hohen Anforderungen an das Amt kommt @vanderbellen in allen relevanten Aspekten nÃ¤her als seine Mitbewerber.

https://t.co/TFoqsOjsfC",GallupInstitut,Gallup Institut
31,2834374103,2022-09-29 07:32:53+00:00, ,1575388128952606721,de,0,0,0,17,Twitter Web App,"RT @IliasUyar: In Kenntnis, dass die Aserbaidschanische Botschaft #Berlin mit Hassparolen gegen #Armenien plakatiert ist, hat #BundesprÃ¤sidâ€¦",NarBarVie,Narine
32,232945794,2022-09-29 07:18:02+00:00, ,1575384390200397828,de,0,0,0,17,Twitter for iPhone,"RT @IliasUyar: In Kenntnis, dass die Aserbaidschanische Botschaft #Berlin mit Hassparolen gegen #Armenien plakatiert ist, hat #BundesprÃ¤sidâ€¦",LLobiciyan,((LiveÃŸ Lobiciyan))
33,747903720218820608,2022-09-29 07:17:39+00:00, ,1575384293727248385,de,0,0,0,17,Twitter for iPhone,"RT @IliasUyar: In Kenntnis, dass die Aserbaidschanische Botschaft #Berlin mit Hassparolen gegen #Armenien plakatiert ist, hat #BundesprÃ¤sidâ€¦",Hunanna20,Han
34,1311336003492368384,2022-09-29 07:04:06+00:00, ,1575380883057659904,de,0,0,0,17,Twitter for iPhone,"RT @IliasUyar: In Kenntnis, dass die Aserbaidschanische Botschaft #Berlin mit Hassparolen gegen #Armenien plakatiert ist, hat #BundesprÃ¤sidâ€¦",GarBarVie,GarBar #FreeArmenianPOWs
35,2420752340,2022-09-29 07:02:25+00:00, ,1575380458266918913,de,0,0,0,17,Twitter for iPad,"RT @IliasUyar: In Kenntnis, dass die Aserbaidschanische Botschaft #Berlin mit Hassparolen gegen #Armenien plakatiert ist, hat #BundesprÃ¤sidâ€¦",kampsabine,Sabine
36,2250172014,2022-09-29 07:00:12+00:00, ,1575379900973957120,de,39,7,0,17,Twitter Web App,"In Kenntnis, dass die Aserbaidschanische Botschaft #Berlin mit Hassparolen gegen #Armenien plakatiert ist, hat #BundesprÃ¤sident Steinmeier den Botschafter v #Aserbaidschan wie geplant akkreditiert. So wird #Hatespeech gegen #Armenier von hÃ¶chster Stelle in #Deutschland toleriert! https://t.co/LuIwpSttY7 https://t.co/osiqBe5deF",IliasUyar,Ilias Uyar - Ô»Õ¬Õ«Õ¡Õ½ Õ€Õ¡ÖÕºÕ¡Õ¶Õ¥Õ¡Õ¶
37,1517074899570995200,2022-09-29 05:53:07+00:00, ,1575363019588206597,de,0,0,0,0,Twitter for iPad,"@poebelsozi ğŸ¤­ğŸ¤­ğŸ¤­ğŸ¤­ğŸ¤­
Nur eine ğŸ”µâš«ï¸ğŸŸ¡ Regierung mit Einbindung von Frau @SWagenknecht als #AuÃŸenministerin und Herr @maxotte_says als #BundesprÃ¤sident",Roland250159,Roland
38,817842489814118401,2022-09-29 00:02:51+00:00, ,1575274872791523330,de,0,0,0,2,Twitter for iPhone,"RT @luckytownhh: Ist der #bundesprÃ¤sident eigentlich gerade auf Tauchstation, beim Konzert von @feinesahne, beim GruÃŸkartenschreiben fÃ¼r deâ€¦",frankenzicke,enisaâœï¸
39,1458828373946507264,2022-09-28 23:58:30+00:00, ,1575273776652161024,de,0,0,0,2,Twitter for iPhone,"RT @luckytownhh: Ist der #bundesprÃ¤sident eigentlich gerade auf Tauchstation, beim Konzert von @feinesahne, beim GruÃŸkartenschreiben fÃ¼r deâ€¦",mel_chiara74,Chia
40,97993463,2022-09-28 23:41:50+00:00, ,1575269582780104704,de,6,0,1,2,Twitter Web App,"Ist der #bundesprÃ¤sident eigentlich gerade auf Tauchstation, beim Konzert von @feinesahne, beim GruÃŸkartenschreiben fÃ¼r den NahenOsten oder fÃ¼r die Deutschen da?",luckytownhh,Stefan Buchholz
41,407369507,2022-09-28 22:08:13+00:00, ,1575246022795722753,de,4,1,0,0,Twitter for iPhone,#staudinger - So sehr Oida â€¦ und dass mir da mehr als ein Filmemacher einfÃ¤llt Ã¼brigens auch â€¦  #bundespraesident #wahl danke @corinnamilborn auch wennâ€™s sicher hart war ;-) https://t.co/nm1ofHBeTd,EvaSpreitzhofer,Eva Spreitzhofer
42,49894445,2022-09-28 21:12:30+00:00, ,1575232000662810624,de,0,0,0,0,Twitter for iPhone,"@schweizok2 Danke, #bundespraesident Frank-Walter Steinmeier https://t.co/1zVZzRPZt2",Luifrom,luifrom
43,114480520,2022-09-28 19:42:09+00:00, ,1575209266897526784,de,0,0,0,0,Twitter Web App,"es ist ja auf den ersten Blick sehr unterhaltsam, was da an Meldungen im BP-Wahlkampf bzw. den Interviews vom Stapel gelassen wird - aber vom Ausland aus betrachtet mÃ¼ssen sich die Leute eigentlich denken, dass alle Ã–sis eingeliefert gehÃ¶ren #bundespraesident",99sea99,Wolfgang Winkelbauer
44,4187352195,2022-09-28 19:07:00+00:00, ,1575200419613011968,de,0,0,0,0,Twitter for Android,"@corinnamilborn Ok, Frage beantwortet. Danke. #puls24 #milborn #BundesprÃ¤sident",TheRealMrBoccia,RobertS
45,25062102,2022-09-28 19:06:16+00:00, ,1575200234765832192,de,0,0,0,1,Twitter Web App,"RT @StefanVerra: â¡ï¸ Kandidatencheck zur Ã–sterreichwahl!
Heute @GeraldGrosz.

FÃ¼r die @kleinezeitung, Ã–sterreichs zweitgrÃ¶ÃŸter Tageszeitung,â€¦",thomascik,Thomas Cik
46,1496083805941243904,2022-09-28 18:49:26+00:00, ,1575195997072150528,de,0,0,0,0,Twitter for iPhone,"@schweizok2 Mir fallen da einige ein, z.B.
#bundespraesident 
#Bundeskanzler und Minister
#MinisterprÃ¤sidenten
#Abgeordnete
#Medienunternehmen - Mainstream 
#MillionÃ¤re und MilliardÃ¤re
#grÃ¼n/rote radikale Ideologen

Alle anderen dÃ¼rfen davon trÃ¤umen ggf. bedacht zu werden.",Liberty0863,HOPE for ğŸ‡©ğŸ‡ª
47,29674394,2022-09-28 18:32:20+00:00, ,1575191694920028160,de,0,0,0,4,Twitter for Android,RT @hashtag_jetzt: Die Qual der Wahl. Wir starten mit dem Titelverteidiger  @vanderbellen 1/7! #bpwahl #bundesprÃ¤sident #politikoida #wiensâ€¦,apfl,Stefan Apfl
48,190623962,2022-09-28 18:25:09+00:00, ,1575189885681803264,de,5,0,0,1,Twitter Web App,"â¡ï¸ Kandidatencheck zur Ã–sterreichwahl!
Heute @GeraldGrosz.

FÃ¼r die @kleinezeitung, Ã–sterreichs zweitgrÃ¶ÃŸter Tageszeitung, habe ich eine Video Kolumne fÃ¼r euch gemacht.

Link zum Video:
https://t.co/tem7sUIrVw

#kÃ¶rpersprache
#bundesprÃ¤sident
#wahl2022
#wahl22
#bpwahl22",StefanVerra,Stefan Verra
49,1351563234441113602,2022-09-28 16:46:27+00:00, ,1575165048292802561,de,27,3,2,4,Twitter Web App,Die Qual der Wahl. Wir starten mit dem Titelverteidiger  @vanderbellen 1/7! #bpwahl #bundesprÃ¤sident #politikoida #wienstabil #vanderbellen https://t.co/tW0EkVQ3Bl,hashtag_jetzt,hashtag_jetzt
50,920308807,2022-09-28 16:27:19+00:00, ,1575160232548134913,de,0,0,0,1,Twitter for Android,"RT @AdVerteisa: @norbertdresche2 Es kann nur EINEN geben. 
âŒDr. Dominik Wlazny fÃ¼r ğŸ‡¦ğŸ‡¹
@marcopogo666

#Bundespraesident #Wahl #BPW22 #Wlaznyâ€¦",drakkalas,drak kalas
51,1471037822207471619,2022-09-28 13:24:22+00:00, ,1575114191093915648,de,0,0,0,51,Twitter for Android,"RT @IliasUyar: Hi @AuswaertigesAmt, dem diplomatischen Niveau von #Aserbaidschan mag es entsprechen, ist es aber fÃ¼r Sie akzeptabel, wenn dâ€¦",AlexElbakyan,Alex Elbakyan
52,19528958,2022-09-28 11:29:43+00:00, ,1575085338459983872,und,0,0,0,0,Twitter for Android,"#Ã–sterreich 
#DominikWlazny ğŸ‘
#BundesprÃ¤sident

https://t.co/4kaOCPwAIQ https://t.co/lMyAZbmrCB",nagel_berlin,nagel-bln
53,19528958,2022-09-28 11:27:19+00:00, ,1575084736409587712,de,0,0,0,0,Twitter for Android,"#DominikWlazny ğŸ‘
....ich kann mir niemanden anderes als #BundesprÃ¤sident 'en vorstellen â€¼ï¸
Einfach mal reinhÃ¶ren :

https://t.co/4kaOCPwAIQ https://t.co/xsALo03xCO",nagel_berlin,nagel-bln
54,132677711,2022-09-28 11:07:27+00:00, ,1575079735226683395,de,0,0,0,3,Twitter for Android,RT @ndrmv: Vom 11. bis 13. Oktober 2022 wird #BundesprÃ¤sident Frank-Walter #Steinmeier seine AmtsgeschÃ¤fte von der Residenzstadt #Neustreliâ€¦,ndr,NDR.de
55,147538510,2022-09-28 10:53:06+00:00, ,1575076127391227904,de,0,0,1,0,Twitter Web App,"#Scholz wegen #Corona abgetaucht. Und was macht eigentlich der #BundesprÃ¤sident? Franz Wilhelm SteinmÃ¶ller, oder wie hieÃŸ der noch? #Nordstream1 #NordStream2",fussballscheune,FuÃŸballscheune
56,1010793183754760192,2022-09-28 10:43:16+00:00, ,1575073652718333952,de,0,0,0,3,Twitter Web App,RT @ndrmv: Vom 11. bis 13. Oktober 2022 wird #BundesprÃ¤sident Frank-Walter #Steinmeier seine AmtsgeschÃ¤fte von der Residenzstadt #Neustreliâ€¦,Dirk69911901,Dirk
57,1147894796,2022-09-28 10:37:27+00:00, ,1575072188792717313,de,15,0,3,3,Hootsuite Inc.,Vom 11. bis 13. Oktober 2022 wird #BundesprÃ¤sident Frank-Walter #Steinmeier seine AmtsgeschÃ¤fte von der Residenzstadt #Neustrelitz aus fÃ¼hren. Das Staatsoberhaupt will in dieser Zeit mit vielen BÃ¼rgern ins GesprÃ¤ch kommen. #MV https://t.co/OwOtore2qF,ndrmv,NDR MV
58,608875906,2022-09-28 09:43:43+00:00, ,1575058662728425474,de,4,0,0,0,Twitter for Android,"Nur weil du die Notbremse im Zug noch nie gebraucht hast, wirst du sie trotzdem nicht ausbauen, oder? 
Genauso verhÃ¤lt es sich mitm BundesprÃ¤sidenten. Der ist die verfassungsmÃ¤ÃŸige Notbremse im Staat. Ich persÃ¶nlich finde diese Diskussion Ã¼berflÃ¼ssig!  
#BundesprÃ¤sident",ManfredWalter4,Da_Polifka_Rudl
59,1119922741,2022-09-28 08:35:20+00:00, ,1575041454627778566,de,1,0,0,0,Twitter Web App,"@AlexWallasch Unser aller #BundesprÃ¤sident...

Leider underperformt er hier. Nicht so wie mit dem #Iran  oder anderen Gelegenheiten, aber immerhin.",woli2017,woli2017
60,1426644394657124355,2022-09-28 07:35:05+00:00, ,1575026293371854848,de,0,0,0,0,Twitter for Android,"@maxotte_says Es wÃ¤re sogar Deine Pflicht gewesen. 
Und es ist die Pflicht vom aktuellen #BundesprÃ¤sident die unverzÃ¼gliche AufklÃ¤rung und die Bestrafung der TÃ¤ter zu fordern. 
Das war ein Terroranschlag auf die Grundversorgung unseres Landes.
#Nordstream1 
#NordStream2 
#Terror",FrankMMueller,âŒFrank MÃ¼ller ğŸ³ï¸â€ğŸŒˆ
61,2486197420,2022-09-28 07:03:34+00:00, ,1575018362681188352,de,0,0,0,0,Twitter for Android,"@maxotte_says Wusste gar nicht das der ğŸ‡©ğŸ‡ª #BundesprÃ¤sident Ermittlungen aufğŸ‡©ğŸ‡° Hoheitsgebiet veranlassen/fordern kann.ğŸ¤·ğŸ¤¦â€â™‚ï¸Na Maxl, da hascht mal einen rausgehauen fÃ¼r deine Schwurbler Bubble. Jetzt kÃ¶nnt'er euch auf de Schulter kloppn, wie toll es mit euch an der Macht wÃ¤re. ğŸ¤ªğŸ¤®
#NordStream2",Giid78,Giid
62,938434481354141699,2022-09-28 06:56:30+00:00, ,1575016584732676097,de,0,0,0,0,Hootsuite Inc.,"Mit seiner 400 Jahre wÃ¤hrenden Geschichte als Deutschlands erster kÃ¼nstlich angelegter Hafen lÃ¤dt auch Vegesack am kommenden Freitag zum Mitfeiern ein.
https://t.co/s28l0JL6Nt
#Schiffahrtstag #BundesprÃ¤sident #Schiffsparade #Vegesack",Bremennewsde,Bremennews
63,433366431,2022-09-28 06:13:04+00:00, ,1575005654464745473,de,0,0,0,0,Twitter Web App,"#Wlazny, PrÃ¤sidentschaftskanditat bei der #bpw22, hat sich im #ZIB2 Interview bei Armin #Wolf recht gut gehalten. #BundesprÃ¤sident wird er aber wohl nicht werden. #Austria",finden_wien,Finden Wien - Die Walzerstadt an der blauen Donau
64,1273993008585850882,2022-09-28 02:33:39+00:00, ,1574950434552565764,de,0,0,0,0,Twitter Web App,"mir wÃ¼rde der #Pogo als #BundesprÃ¤sident 10mal besser gefallen als die #GruenenInkompetenz.
@Lady_Desire_net https://t.co/FZ9CSOxHYi",Lady_Desire_net,Lady DesireÂ® ğŸ‡¦ğŸ‡¹ ğŸ’‹ ğŸ” ğŸ’‹ ğŸ‡¦ğŸ‡¹
65,1946244720,2022-09-28 01:09:52+00:00, ,1574929351509876736,de,0,0,0,1,Twitter Web App,"RT @MarkusMoser6: Ich bin ja auch fÃ¼r VdB, aber hat jetzt wirklich @ArminWolf alle Interviews gemacht nur das mit @vanderbellen nicht ?
Wirâ€¦",grafkaroly,Stefan Klemens
66,945180748994285570,2022-09-27 21:23:55+00:00, ,1574872488927961092,de,1,0,0,0,Twitter Web App,"@DieRaffa Es kann nur EINEN geben. 
âŒDr. Dominik Wlazny fÃ¼r ğŸ‡¦ğŸ‡¹
@marcopogo666

#Bundespraesident #Wahl #BPW22 #Wlazny #Oesterreich
#ZIB2 mit @ArminWolf

https://t.co/5W3lI7mI44 https://t.co/AhoWXBbV6i",AdVerteisa,Ad Verteisa
67,945180748994285570,2022-09-27 21:16:38+00:00, ,1574870654217756691,de,1,0,0,0,Twitter Web App,"@philbrokes Es kann nur EINEN geben. 
âŒDr. Dominik Wlazny fÃ¼r ğŸ‡¦ğŸ‡¹
@marcopogo666

#Bundespraesident #Wahl #BPW22 #Wlazny #Oesterreich
#ZIB2 mit @ArminWolf

https://t.co/5W3lI7mI44 https://t.co/eOe00uCOjf",AdVerteisa,Ad Verteisa
68,945180748994285570,2022-09-27 21:13:05+00:00, ,1574869762655526924,de,0,0,0,0,Twitter Web App,"@TMairhofer Es kann nur EINEN geben. 
âŒDr. Dominik Wlazny fÃ¼r ğŸ‡¦ğŸ‡¹
@marcopogo666

#Bundespraesident #Wahl #BPW22 #Wlazny #Oesterreich
#ZIB2 mit @ArminWolf 

https://t.co/5W3lI7mI44 https://t.co/U8mc9e5pRd",AdVerteisa,Ad Verteisa
69,945180748994285570,2022-09-27 21:10:27+00:00, ,1574869098009337876,de,0,0,0,0,Twitter Web App,"@RBiegen @marcopogo666 Es kann nur EINEN geben. 
âŒDr. Dominik Wlazny fÃ¼r ğŸ‡¦ğŸ‡¹
@marcopogo666

#Bundespraesident #Wahl #BPW22 #Wlazny #Oesterreich
#ZIB2 mit @ArminWolf

https://t.co/5W3lI7mI44 https://t.co/H5hFZGsjQI",AdVerteisa,Ad Verteisa
70,945180748994285570,2022-09-27 21:05:23+00:00, ,1574867823461015574,de,1,0,0,0,Twitter Web App,"@laimer33 Es kann nur EINEN geben. 
âŒDr. Dominik Wlazny fÃ¼r ğŸ‡¦ğŸ‡¹
@marcopogo666

#Bundespraesident #Wahl #BPW22 #Wlazny #Oesterreich
#ZIB2 mit @ArminWolf

https://t.co/5W3lI7mI44 https://t.co/0RuVwPutZA",AdVerteisa,Ad Verteisa
71,945180748994285570,2022-09-27 21:03:50+00:00, ,1574867433655078912,de,4,0,1,1,Twitter Web App,"@norbertdresche2 Es kann nur EINEN geben. 
âŒDr. Dominik Wlazny fÃ¼r ğŸ‡¦ğŸ‡¹
@marcopogo666

#Bundespraesident #Wahl #BPW22 #Wlazny #Oesterreich
#ZIB2 mit @ArminWolf

https://t.co/5W3lI7mI44 https://t.co/hKevUMuSC9",AdVerteisa,Ad Verteisa
72,945180748994285570,2022-09-27 21:02:30+00:00, ,1574867098072915987,de,2,0,0,0,Twitter Web App,"@RudolfineZ @marcopogo666 Es kann nur EINEN geben. 
âŒDr. Dominik Wlazny fÃ¼r ğŸ‡¦ğŸ‡¹
@marcopogo666

#Bundespraesident #Wahl #BPW22 #Wlazny #Oesterreich
#ZIB2 mit @ArminWolf

https://t.co/5W3lI7mI44 https://t.co/1ceKlYSqNV",AdVerteisa,Ad Verteisa
73,945180748994285570,2022-09-27 20:50:17+00:00, ,1574864024755380240,de,5,1,0,0,Twitter Web App,"Es kann nur EINEN geben. 
âŒDr. Dominik Wlazny fÃ¼r ğŸ‡¦ğŸ‡¹
@marcopogo666

#Bundespraesident #Wahl #BPW22 #Wlazny #Oesterreich
#ZIB2 mit @ArminWolf

https://t.co/5W3lI7mI44 https://t.co/YvNE1gQkJZ",AdVerteisa,Ad Verteisa
74,1907053136,2022-09-27 20:40:26+00:00, ,1574861543937916929,de,0,0,0,14,Twitter for Android,RT @IliasUyar: Wird der #BundesprÃ¤sident den fÃ¼r diese hetzerischen Plakate verantwortlichen Botschafter #Aserbaidschan|s heute akkreditierâ€¦,gamt555,Gayane Melikbekyan
75,2842664093,2022-09-27 20:40:10+00:00, ,1574861476422107136,de,1,0,0,0,Twitter for iPhone,"@Claus_Pandi Schlimm ist es nur wenn sie das auch glauben? Ein #grÃ¼ner #BundesprÃ¤sident der Entscheidungen nur nach RÃ¼cksprache mit @WKogler und @sigi_maurer trifft und zugibt, dass @diegruenen seinen Wahlkampf machen und bezahlen ist nicht lÃ¤nger tragbar - fÃ¼r die #Familie natÃ¼rlich schonğŸ¤®",Chrisnew66,Chris New
76,407369507,2022-09-27 20:30:23+00:00, ,1574859015867273244,de,1,0,0,0,Twitter for iPhone,"@marcopogo666 bei @ArminWolf -  er ist eh nett, aber was ihn zum BundesprÃ¤sident befÃ¤higen soll, weiÃŸ ich jetzt noch weniger, als vorher. Ihm gehts wohl grad Ã¤hnlich. #bundesprÃ¤sident #wahl #allesnichtsolustig #bierpartei",EvaSpreitzhofer,Eva Spreitzhofer
77,890319068393336832,2022-09-27 20:26:10+00:00, ,1574857955383644173,de,5,0,1,1,Twitter for iPhone,"Ich bin ja auch fÃ¼r VdB, aber hat jetzt wirklich @ArminWolf alle Interviews gemacht nur das mit @vanderbellen nicht ?
Wird schon einen Grund geben aber komisch schaut das schon aus. Samthandschuhe fÃ¼r den Amtsinhaber, scharfe PrÃ¼fung bei den anderen ğŸ¤” #orf #bundesprÃ¤sident",MarkusMoser6,Markus Moser
78,1567809256966979585,2022-09-27 20:01:33+00:00, ,1574851761231302667,de,0,0,0,2,Twitter for Android,"RT @Chrisnew66: @vanderbellen Das ist ja klar, dass sich der #BundesprÃ¤sident um den #Iran mehr kÃ¼mmert als um die vielen #Femizide in unseâ€¦",TheShield_1969,TheShields
79,953592156555538432,2022-09-27 19:59:30+00:00, ,1574851245067669507,de,0,0,0,2,Twitter for Android,"RT @Chrisnew66: @vanderbellen Das ist ja klar, dass sich der #BundesprÃ¤sident um den #Iran mehr kÃ¼mmert als um die vielen #Femizide in unseâ€¦",kohn_sylvia,Kohn Sylvia
80,2842664093,2022-09-27 19:45:49+00:00, ,1574847799555985416,de,6,0,0,2,Twitter for iPhone,"@vanderbellen Das ist ja klar, dass sich der #BundesprÃ¤sident um den #Iran mehr kÃ¼mmert als um die vielen #Femizide in unserem Land - oder auch die tausenden Pensionisten die sich das Leben nicht mehr leisten kÃ¶nnen!
Die Aussage #HureDerReichen passt leider bei allen #tÃ¼rkisgrÃ¼nenğŸ¤®",Chrisnew66,Chris New
81,2977888023,2022-09-27 18:44:01+00:00, ,1574832246950957067,de,0,0,0,0,Twitter Web App,"Gegen das Chaos der Ã¶sterreichisch Regierung 
Gegen das Chaos EU-Politik
Gegen #VanderBellen 
Gerald #Grosz fÃ¼r einen Neuanfang

#bundesprÃ¤sident #wahl https://t.co/ATRvmxWUUj",CSchmaranz,Christian Schmaranz
82,1394924191942692871,2022-09-27 18:05:10+00:00, ,1574822471970295830,de,0,0,1,0,Twitter for Android,"NÃ¤chste Woche findet die BundesprÃ¤sidentschaftswahl statt. In ganz ğŸ‡¦ğŸ‡¹ sind knapp 1,4 Mio. wahlfÃ¤hige Menschen von dieser Wahl ausgeschlossen, weil sie keine ğŸ‡¦ğŸ‡¹ StaatsbÃ¼rgerschaft haben. #democracygap #vdb #bundesprÃ¤sident #wahl",PickPolitics,Ajla LubiÄ‡ ğŸ‡¦ğŸ‡¹
83,908346504989085699,2022-09-27 16:48:26+00:00, ,1574803161658818560,de,0,0,0,14,Twitter for iPhone,RT @IliasUyar: Wird der #BundesprÃ¤sident den fÃ¼r diese hetzerischen Plakate verantwortlichen Botschafter #Aserbaidschan|s heute akkreditierâ€¦,kngregorian,Karnik Gregorian
84,1570660451083493388,2022-09-27 16:37:14+00:00, ,1574800341983547395,de,0,0,0,14,Twitter Web App,RT @IliasUyar: Wird der #BundesprÃ¤sident den fÃ¼r diese hetzerischen Plakate verantwortlichen Botschafter #Aserbaidschan|s heute akkreditierâ€¦,Bobby48500678,Bob Minion
85,1311336003492368384,2022-09-27 16:36:55+00:00, ,1574800263302496256,de,0,0,0,14,Twitter for iPhone,RT @IliasUyar: Wird der #BundesprÃ¤sident den fÃ¼r diese hetzerischen Plakate verantwortlichen Botschafter #Aserbaidschan|s heute akkreditierâ€¦,GarBarVie,GarBar #FreeArmenianPOWs
86,76948009,2022-09-27 16:24:58+00:00, ,1574797256108244997,de,0,0,0,14,Twitter for Android,RT @IliasUyar: Wird der #BundesprÃ¤sident den fÃ¼r diese hetzerischen Plakate verantwortlichen Botschafter #Aserbaidschan|s heute akkreditierâ€¦,Politikcity,Hansi
87,1339878387524005888,2022-09-27 15:19:43+00:00, ,1574780835030618112,de,0,0,0,1,Twitter Web App,RT @j_2ross: Heute Nachmittag wird der neue franzÃ¶sische Botschafter FranÃ§ois #Delattre von #BundesprÃ¤sident Steinmeier akkreditiert und niâ€¦,WernertYann,Yann Wernert
88,754060106321494016,2022-09-27 11:55:56+00:00, ,1574729548918583296,de,6,0,1,1,Twitter for iPhone,Heute Nachmittag wird der neue franzÃ¶sische Botschafter FranÃ§ois #Delattre von #BundesprÃ¤sident Steinmeier akkreditiert und nimmt damit offiziell seine AmtsgeschÃ¤fte in Deutschland auf. https://t.co/n5pGIte6iI,j_2ross,Jacob Ross
89,1383014326030721028,2022-09-27 11:30:19+00:00, ,1574723103153864704,de,0,0,0,14,Twitter for Android,RT @IliasUyar: Wird der #BundesprÃ¤sident den fÃ¼r diese hetzerischen Plakate verantwortlichen Botschafter #Aserbaidschan|s heute akkreditierâ€¦,Yaenntz,Jens Polikeit (er/ihn)
90,584085933,2022-09-27 11:28:35+00:00, ,1574722668586274817,de,0,0,0,14,Twitter Web App,RT @IliasUyar: Wird der #BundesprÃ¤sident den fÃ¼r diese hetzerischen Plakate verantwortlichen Botschafter #Aserbaidschan|s heute akkreditierâ€¦,philiphogh,Philip Hogh
91,2957405674,2022-09-27 11:16:09+00:00, ,1574719539887362049,de,0,0,0,14,Twitter for iPhone,RT @IliasUyar: Wird der #BundesprÃ¤sident den fÃ¼r diese hetzerischen Plakate verantwortlichen Botschafter #Aserbaidschan|s heute akkreditierâ€¦,blackmetalelewi,Hesso ğŸ­ğŸŒ»
92,133850677,2022-09-27 11:01:00+00:00, ,1574715724953571329,de,0,0,0,14,Twitter Web App,RT @IliasUyar: Wird der #BundesprÃ¤sident den fÃ¼r diese hetzerischen Plakate verantwortlichen Botschafter #Aserbaidschan|s heute akkreditierâ€¦,ortwinr,Ortwin
93,1120528734,2022-09-27 11:00:47+00:00, ,1574715671786754049,de,0,0,0,14,Twitter Web App,RT @IliasUyar: Wird der #BundesprÃ¤sident den fÃ¼r diese hetzerischen Plakate verantwortlichen Botschafter #Aserbaidschan|s heute akkreditierâ€¦,laarturi,Liana
94,1315267017293869057,2022-09-27 10:54:18+00:00, ,1574714040861052928,de,0,0,0,51,Twitter Web App,"RT @IliasUyar: Hi @AuswaertigesAmt, dem diplomatischen Niveau von #Aserbaidschan mag es entsprechen, ist es aber fÃ¼r Sie akzeptabel, wenn dâ€¦",TobiasB10527013,Tobias Baumann
95,1029090452,2022-09-27 10:49:58+00:00, ,1574712950308290560,de,0,0,0,14,Twitter for iPhone,RT @IliasUyar: Wird der #BundesprÃ¤sident den fÃ¼r diese hetzerischen Plakate verantwortlichen Botschafter #Aserbaidschan|s heute akkreditierâ€¦,Alexisaram,alexis krikorian
96,733576813243301888,2022-09-27 10:47:18+00:00, ,1574712276061487106,de,0,0,0,14,Twitter for iPhone,RT @IliasUyar: Wird der #BundesprÃ¤sident den fÃ¼r diese hetzerischen Plakate verantwortlichen Botschafter #Aserbaidschan|s heute akkreditierâ€¦,watchingyou81,No Hate! Gegen jeden Antisemitismus und Rassismus!
97,1564122882,2022-09-27 10:47:02+00:00, ,1574712212744466432,de,0,0,0,14,Twitter for Android,RT @IliasUyar: Wird der #BundesprÃ¤sident den fÃ¼r diese hetzerischen Plakate verantwortlichen Botschafter #Aserbaidschan|s heute akkreditierâ€¦,JCNB1,Jeremy Bartels
98,810933219709358080,2022-09-27 10:45:46+00:00, ,1574711892345442304,de,0,0,0,14,Twitter for iPhone,RT @IliasUyar: Wird der #BundesprÃ¤sident den fÃ¼r diese hetzerischen Plakate verantwortlichen Botschafter #Aserbaidschan|s heute akkreditierâ€¦,DastanJasim,Dastan Jasim
99,2250172014,2022-09-27 10:44:54+00:00, ,1574711675994906626,de,42,0,0,14,Twitter for iPhone,"Wird der #BundesprÃ¤sident den fÃ¼r diese hetzerischen Plakate verantwortlichen Botschafter #Aserbaidschan|s heute akkreditieren, Frau @BPrSprecherin? Entspricht es den diplomatischen Gepflogenheiten in #Deutschland eine mit Hetze &amp; Hass plakatierte Botschaft zu akzeptieren? https://t.co/kPCKcVWasJ",IliasUyar,Ilias Uyar - Ô»Õ¬Õ«Õ¡Õ½ Õ€Õ¡ÖÕºÕ¡Õ¶Õ¥Õ¡Õ¶
100,945180748994285570,2022-09-27 08:54:35+00:00, ,1574683910176399361,de,0,0,0,0,Twitter Web App,"Also ich setz und hoff auf ihn! 
Dr. Dominik Wlazny vulgo @marcopogo666 

#Bundespraesident #Wahl #BPW22 #Wlazny #Oesterreich 

https://t.co/3QaL2b45dy",AdVerteisa,Ad Verteisa
101,89669466,2022-09-27 08:12:22+00:00, ,1574673287124291584,en,0,0,0,1,Dushyant Tweet,RT @Fraunhofer_IGD: Good job! Our #AugmentedReality App inspires our #BundesprÃ¤sident and now visitors of Abby Corvey. @Fraunhofer @Fraunhoâ€¦,dushyantgadewal,dushyant gadewal
102,46112564,2022-09-27 08:00:21+00:00, ,1574670262259154946,en,4,0,0,1,Twitter for Android,Good job! Our #AugmentedReality App inspires our #BundesprÃ¤sident and now visitors of Abby Corvey. @Fraunhofer @FraunhoferPolit https://t.co/IQOFt4BPqQ https://t.co/aPFcV22p9A,Fraunhofer_IGD,Fraunhofer IGD
103,48009361,2022-09-27 06:20:46+00:00, ,1574645201817468928,de,0,0,0,0,Twitter for Android,"3599Â Â #RichardÂ #vonÂ #WeizsÃ¤ckerÂ â€“Â #niemieckiÂ #politykÂ . Od 1981#berlinerÂ #berlinÂ #bundesprÃ¤sidentÂ #presidentÂ #autographÂ #autogrammÂ #autograf
@CDU https://t.co/2OGrLc3aNb",collectingsmile,marek wysoczynski
104,701865756913508352,2022-09-26 15:27:02+00:00, ,1574420288095272961,de,1,0,0,0,Qualtrics Connect,"Ein Treffen mit dem #BundesprÃ¤sident|en, unser Teilnahme am #Rhine #CleanUp und ein #Luchs-Besuch - in unserem Newsletter gibtâ€™s viele spannende Infos. Noch mehr #GuteNachrichten gibtâ€™s hier: https://t.co/1l39mXhIBn https://t.co/8BXQDSnxaT",DPLotterie,PostcodeLotterie
105,3409939971,2022-09-26 15:25:50+00:00, ,1574419986730438657,de,2,0,0,0,Twitter Web App,"Es ist hÃ¶chste Zeit dem Wahnsinn in Ã–sterreich und der EU ein Ende zu setzen - ich werde deshalb Gerald Grosz wÃ¤hlen, weil ich Ehrlichkeit, UnabhÃ¤ngigkeit und gute neue AnsÃ¤tze schÃ¤tze. Die Zeit ist reif!  #GeraldGrosz #BundesprÃ¤sident https://t.co/bIMAsZlmmh via @YouTube",nonewspeak,Otmar Lindner
106,48009361,2022-09-26 14:12:33+00:00, ,1574401544945946625,de,0,0,0,0,Twitter for Android,"#3598 #3588 #3545 #Richard #von #WeizsÃ¤cker â€“ #niemiecki #polityk . Od 1981#berliner #berlin #bundesprÃ¤sident #president #autograph #autogramm #autograf
@CDU https://t.co/QrXKBy7faH",collectingsmile,marek wysoczynski
107,2616046716,2022-09-26 11:58:49+00:00, ,1574367888932474880,de,1,0,0,0,Twitter Web App,#Deutschland  Der #BundesprÃ¤sident gratuliert dem Iranischen Oberhaupt. Die #EUChefin droht der #demokratisch gewÃ¤hlten #Regierung in #Italien.  Einfach mal darÃ¼ber nachdenken wie #EU #GrÃ¼ne und die #SPD zur #Demokratie stehen !,TheMissRossi,TheMissRossi
108,2773326009,2022-09-26 11:29:11+00:00, ,1574360432202096645,de,0,0,0,0,Twitter for Android,Damals gratulieren #Putin Ã¼brigens u. a. auch Frankreichs PrÃ¤sident @EmmanuelMacron und Deutschlands #BundesprÃ¤sident Frank-Walter #Steinmeier. https://t.co/nw96MFpZOM https://t.co/SPW0wQ7grZ,horn_helmut,Dr. Hans Helmut Horn
109,3120962277,2022-09-26 07:26:54+00:00, ,1574299456752721920,de,0,0,0,3,Twitter Web App,RT @MHKBD_NRW: Stolzes Alter mit langer Tradition &amp; ein auÃŸergewÃ¶hnlicher universeller Wert: @UNESCOWelterbe #Corvey feiert heute sein 1200â€¦,ItalyinCologne,Italy in Cologne
110,931069083092701184,2022-09-25 19:50:35+00:00, ,1574124223160795140,de,0,0,0,3,Twitter for iPhone,RT @MHKBD_NRW: Stolzes Alter mit langer Tradition &amp; ein auÃŸergewÃ¶hnlicher universeller Wert: @UNESCOWelterbe #Corvey feiert heute sein 1200â€¦,KarolineBaier,Karoline Baier
111,1713281244,2022-09-25 19:28:27+00:00, ,1574118656094633992,de,0,0,0,2,Twitter for iPhone,RT @MartinKinderva1: Bei all seinen Macken: #JoachimGauck wÃ¤re mir im Moment wesentlich lieber als #BundesprÃ¤sident.,KaLu_Artist,katharina
112,247262571,2022-09-25 19:15:55+00:00, ,1574115498899476483,de,0,0,0,3,Twitter for iPhone,RT @MHKBD_NRW: Stolzes Alter mit langer Tradition &amp; ein auÃŸergewÃ¶hnlicher universeller Wert: @UNESCOWelterbe #Corvey feiert heute sein 1200â€¦,landnrw,Staatskanzlei NRW
113,48009361,2022-09-25 18:48:19+00:00, ,1574108553366880256,de,0,0,0,0,Twitter for Android,"3588 #3545Â #RichardÂ #vonÂ #WeizsÃ¤ckerÂ â€“Â #niemieckiÂ #politykÂ . Od 1981#berlinerÂ #berlinÂ #bundesprÃ¤sidentÂ #presidentÂ #autographÂ #autogrammÂ #autograf
@CDU @Berlin_Daily https://t.co/nbyaAwHEGt",collectingsmile,marek wysoczynski
114,895369738070708224,2022-09-25 18:00:32+00:00, ,1574096529757011970,de,17,1,1,3,Twitter for iPhone,Stolzes Alter mit langer Tradition &amp; ein auÃŸergewÃ¶hnlicher universeller Wert: @UNESCOWelterbe #Corvey feiert heute sein 1200-jÃ¤hriges JubilÃ¤um mit #BundesprÃ¤sident Steinmeier &amp; Min. @inascharrenbach. Durch FÃ¼hrungen via Tablet werden kÃ¼nftig die Steine zum Sprechen gebracht. #nrw https://t.co/Rjkfb4Qdfv,MHKBD_NRW,MHKBD NRW
115,487745259,2022-09-25 17:52:47+00:00, ,1574094578881220608,de,0,0,0,0,Twitter Web App,"@TassWall @ArminWolf Wenn das ein studierter #Jurist nicht versteht aber trotzdem #BundesprÃ¤sident werden will, stelle ich mir fragen Ã¼ber seine geistige Gesundheit.",EngelbertDejaco,Engelbert Dejaco
116,2588151718,2022-09-25 16:09:33+00:00, ,1574068600515747840,de,0,0,0,2,Twitter for Android,RT @MartinKinderva1: Bei all seinen Macken: #JoachimGauck wÃ¤re mir im Moment wesentlich lieber als #BundesprÃ¤sident.,wiese_r,Andreas R. Wiese
117,1491377647703760896,2022-09-25 15:45:46+00:00, ,1574062615285796865,de,9,0,2,2,Twitter for iPhone,Bei all seinen Macken: #JoachimGauck wÃ¤re mir im Moment wesentlich lieber als #BundesprÃ¤sident. https://t.co/sHuarn8jj0,MartinKinderva1,Martin Kindervater
118,931481560305586176,2022-09-25 13:35:05+00:00, ,1574029726829658114,de,2,0,0,0,Twitter for iPhone,#BundesprÃ¤sident Frank-Walter #Steinmeier ist Ehrengast beim Festakt des JubilÃ¤ums in #Corvey . Das ehemalige Kloster und heutige #UNESCO -#Weltkulturerbe wird 1.200 Jahre alt. https://t.co/5alq4gnS8w,KlausOverdiek,Klaus Overdiek
119,719635548252606465,2022-09-25 11:57:00+00:00, ,1574005042327310343,de,0,0,2,0,TweetDeck,"Der #BundesprÃ¤sident der Durchseuchungsregierung ,  frotzelt uns also, indem er uns seine `alternative WirklichkeitÂ´ aufzwingen will.
WÃ¤hrend er in der Kanzlei fÃ¼r sich weiterhin PCR -Tests+Masken fordert, erklÃ¤rt er uns, dass es sicher ist, verseucht zu werden ...

#vanderbellen https://t.co/TLISvbJqE8",apex_archive,The Apex Archive
120,1275010872851738625,2022-09-25 09:53:47+00:00, ,1573974032772390912,de,0,0,0,0,Twitter for Android,"""Wir werden alle Frauen bitten mÃ¼ssen, ein #Kopftuch zu tragen - aus SolidaritÃ¤t""
#BundesprÃ¤sident Alexander Van der Bellen
 https://t.co/zFRSL5bqLj",BronsteinLeo,Leo Bronstein
121,1051006337306566659,2022-09-25 06:02:00+00:00, ,1573915703333224450,de,1,0,0,0,TweetDeck,"Guten Morgen!
Unsere Themen heute: 
Abschluss der Kirchenvolkskonferenz  katholischer Reformgruppen, Festakt zu 1.200 Jahre Kloster #Corvey mit #BundesprÃ¤sident Steinmeier und offizielle ErÃ¶ffnung der Vollversammlung der Vereinten Evangelischen Mission @vemission",epd_west,epd West
122,65412505,2022-09-24 23:04:05+00:00, ,1573810534167838726,de,0,0,0,0,Twitter for Android,@_MarcCohen_ @UlrichSchneider Der hat einen Namen. Und ist jetzt #BundesprÃ¤sident . Schande Ã¼ber ihn.,walterspannagel,W-alter Spannagel
123,1497996134006067206,2022-09-24 18:27:13+00:00, ,1573740854400925697,de,0,0,0,0,Twitter for Android,"@fpiatov Ja, widerlich. Steinmeier hat das Amt des #BundesprÃ¤sident|en endgÃ¼ltig diskreditiert. Das Amt kann ersatzlos entfallen.",WinrichGermann,Winrich Germann
124,487745259,2022-09-24 17:21:02+00:00, ,1573724202745708545,de,0,0,0,0,Twitter Web App,"I frog mi grod, ob a der #Abwerzger zurÃ¼cktritt, wenn sich herausstellen sollt, dass er seine WÃ¤hler mit vollem Wissen arglistig getÃ¤uscht hat, wenn dann kein blauer #Landeshauptmann von einem blauen #BundesprÃ¤sident en angelobt wird. ğŸ¤”",EngelbertDejaco,Engelbert Dejaco
125,1543643591574261760,2022-09-24 17:11:32+00:00, ,1573721809425514496,de,0,0,0,0,Twitter Web App,"I frog mi grod, ob a der #Abwerzger zurÃ¼cktritt, wenn sich herausstellen sollt, dass er seine WÃ¤hler mit vollem Wissen arglistig getÃ¤uscht hat, wenn dann kein blauer #Landeshauptmann von einem blauen #BundesprÃ¤sident en angelobt wird. ğŸ¤”",schluiferer,Sepp Schluiferer
126,1470244134816522241,2022-09-24 15:52:15+00:00, ,1573701856664117250,de,1,0,0,0,Twitter for Android,"@derkandidat_vdb #VanderBellen #VdB 
Der schlechteste #BundesprÃ¤sident
den #Ã–sterreich je erlebt hat!
SAG NEIN, zu VAN DER BELLEN!!!",TomFis6,Tom Fis
127,48009361,2022-09-24 15:42:25+00:00, ,1573699381315903490,de,1,0,0,0,Twitter for Android,"3545 #Richard #von #WeizsÃ¤cker â€“ #niemiecki #polityk . Od 1981#berliner #berlin #bundesprÃ¤sident #president #autograph #autogramm #autografÂ 
@Berlin_Ticker https://t.co/pd2s2cRp6I",collectingsmile,marek wysoczynski
128,1409979019110518786,2022-09-24 11:11:03+00:00, ,1573631093038874626,de,0,0,0,51,Twitter Web App,"RT @IliasUyar: Hi @AuswaertigesAmt, dem diplomatischen Niveau von #Aserbaidschan mag es entsprechen, ist es aber fÃ¼r Sie akzeptabel, wenn dâ€¦",Whitney_Barbra,Violet
129,1299628440937795584,2022-09-24 09:47:16+00:00, ,1573610005944737793,de,0,0,0,51,Twitter for iPhone,"RT @IliasUyar: Hi @AuswaertigesAmt, dem diplomatischen Niveau von #Aserbaidschan mag es entsprechen, ist es aber fÃ¼r Sie akzeptabel, wenn dâ€¦",seseseseseb,ğŸŒ±
130,1312825629503520773,2022-09-24 08:03:30+00:00, ,1573583894112247809,de,0,0,0,51,Twitter for Android,"RT @IliasUyar: Hi @AuswaertigesAmt, dem diplomatischen Niveau von #Aserbaidschan mag es entsprechen, ist es aber fÃ¼r Sie akzeptabel, wenn dâ€¦",Joel_D96,Joel_D96
131,1317844998382112771,2022-09-24 05:25:23+00:00, ,1573544100804050945,de,0,0,0,51,Twitter for iPhone,"RT @IliasUyar: Hi @AuswaertigesAmt, dem diplomatischen Niveau von #Aserbaidschan mag es entsprechen, ist es aber fÃ¼r Sie akzeptabel, wenn dâ€¦",aramaram8811,aramaram
132,819254643670810628,2022-09-23 22:07:01+00:00, ,1573433784984391686,de,1,0,0,0,Twitter for Android,Und unser #BundesprÃ¤sident #Steinmeier gratulierte diesem Regime. UnertrÃ¤glich! https://t.co/Dj2ASVqiu6,Kingdomcometous,Kingdom Come
133,988668296529694720,2022-09-23 22:00:21+00:00, ,1573432105014644746,de,0,0,0,1,ATOMREAKTOR,"RT @2teGuy1: Man kann schon mit 18 in den #Bundestag, mit 18 #Bundeskanzler, mit 21 Regierender #BÃ¼rgermeister von #Berlin und erst mit 40â€¦",TweetReaktor,TweetReaktor ğŸ¤–
134,1200914312572878849,2022-09-23 21:59:06+00:00, ,1573431792459210755,de,0,0,0,1,Twitter Web App,"Man kann schon mit 18 in den #Bundestag, mit 18 #Bundeskanzler, mit 21 Regierender #BÃ¼rgermeister von #Berlin und erst mit 40 #BundesprÃ¤sident aka GrÃ¼ÃŸaugust werden. Irgendetwas stimmt da nichtğŸ™ˆ https://t.co/lghOkH4Zla",2teGuy1,Guy Fawkes
135,858953686046912512,2022-09-23 19:50:02+00:00, ,1573399310053638156,de,0,0,0,0,Twitter Web App,"GemÃ¤ss staatlicher russischer Nachrichtenagentur hat #BundesprÃ¤sident Ignazio #Cassis von Russland einen Orden verliehen erhalten.

https://t.co/fXC0peTZ8M",nau_live,Nau
136,1448958060354019328,2022-09-23 17:38:14+00:00, ,1573366142504439808,de,0,0,0,51,Twitter for iPhone,"RT @IliasUyar: Hi @AuswaertigesAmt, dem diplomatischen Niveau von #Aserbaidschan mag es entsprechen, ist es aber fÃ¼r Sie akzeptabel, wenn dâ€¦",Avtvnv1110,Avtvnv ğŸ‡¦ğŸ‡²ğŸ¦š
137,1312241410096193536,2022-09-23 17:15:06+00:00, ,1573360318331621377,de,0,0,0,51,Twitter for Android,"RT @IliasUyar: Hi @AuswaertigesAmt, dem diplomatischen Niveau von #Aserbaidschan mag es entsprechen, ist es aber fÃ¼r Sie akzeptabel, wenn dâ€¦",Ereshkijal,Õ†Õ¸Ö„Õ©Õ¸Ö‚Ö€Õ¶Õ¡ ğŸ’” â˜¥
138,1342591503965806593,2022-09-23 17:01:07+00:00, ,1573356799574609921,de,0,0,0,51,Twitter for Android,"RT @IliasUyar: Hi @AuswaertigesAmt, dem diplomatischen Niveau von #Aserbaidschan mag es entsprechen, ist es aber fÃ¼r Sie akzeptabel, wenn dâ€¦",LD23092,Der Gambler
139,1498734384580644866,2022-09-23 16:40:16+00:00, ,1573351554928738305,de,0,0,0,0,Twitter for Android,"@fpiatov Geiler Typ, unser #bundesprÃ¤sident",AtTaube3,Tobias Taube
140,1317203608559996929,2022-09-23 16:11:33+00:00, ,1573344327706738688,de,0,0,0,51,Twitter for Android,"RT @IliasUyar: Hi @AuswaertigesAmt, dem diplomatischen Niveau von #Aserbaidschan mag es entsprechen, ist es aber fÃ¼r Sie akzeptabel, wenn dâ€¦",LolaKid6,LolaKid
141,1519664444065914880,2022-09-23 16:09:25+00:00, ,1573343788117934083,en,1,0,0,0,Twitter for Android,"This is what really matters, and all the politicians should see  #SaveSoil as the absolute priority.
Also the new elected #bundesprÃ¤sident should speak and do something about it, whoever will be the elected one:
@GeraldGrosz @fpoe @vanderbellen @ORF @derStandardat #mfg #bier https://t.co/gXUk2jvWWw",green_evita08,#SaveSoil Eva
142,487745259,2022-09-23 15:26:46+00:00, ,1573333056953679873,de,0,0,0,0,Twitter for Android,"NetzfundstÃ¼ck
WÃ¼rdevoll als #BundesprÃ¤sident sieht aber anders aus. 
#Rosenkranz #bpw22 https://t.co/RJd94Q2XNC",EngelbertDejaco,Engelbert Dejaco
143,1313735295813120002,2022-09-23 14:53:05+00:00, ,1573324581741658112,de,0,0,0,51,Twitter for iPhone,"RT @IliasUyar: Hi @AuswaertigesAmt, dem diplomatischen Niveau von #Aserbaidschan mag es entsprechen, ist es aber fÃ¼r Sie akzeptabel, wenn dâ€¦",knowyourbrain20,Amazons Rising
144,1301163771679969281,2022-09-23 13:44:47+00:00, ,1573307393051709441,de,0,0,0,51,Twitter Web App,"RT @IliasUyar: Hi @AuswaertigesAmt, dem diplomatischen Niveau von #Aserbaidschan mag es entsprechen, ist es aber fÃ¼r Sie akzeptabel, wenn dâ€¦",yanis_echtsauer,yanis_
145,1570660451083493388,2022-09-23 13:01:05+00:00, ,1573296396085731328,de,0,0,0,51,Twitter Web App,"RT @IliasUyar: Hi @AuswaertigesAmt, dem diplomatischen Niveau von #Aserbaidschan mag es entsprechen, ist es aber fÃ¼r Sie akzeptabel, wenn dâ€¦",Bobby48500678,Bob Minion
146,1312744879567630337,2022-09-23 12:42:25+00:00, ,1573291697752227840,de,0,0,0,51,Twitter for iPhone,"RT @IliasUyar: Hi @AuswaertigesAmt, dem diplomatischen Niveau von #Aserbaidschan mag es entsprechen, ist es aber fÃ¼r Sie akzeptabel, wenn dâ€¦",avakhovian,Avak H.
147,15297444,2022-09-23 12:06:11+00:00, ,1573282579150737408,de,0,0,0,51,Twitter for iPhone,"RT @IliasUyar: Hi @AuswaertigesAmt, dem diplomatischen Niveau von #Aserbaidschan mag es entsprechen, ist es aber fÃ¼r Sie akzeptabel, wenn dâ€¦",elnin0,thisIsPatrick
148,4816248695,2022-09-23 11:56:57+00:00, ,1573280254789132288,de,0,0,0,51,Twitter for iPhone,"RT @IliasUyar: Hi @AuswaertigesAmt, dem diplomatischen Niveau von #Aserbaidschan mag es entsprechen, ist es aber fÃ¼r Sie akzeptabel, wenn dâ€¦",SSSupervillain,Stewie Griffin
149,1412042946854129666,2022-09-23 11:43:54+00:00, ,1573276970938503174,de,5,0,0,0,Twitter Web App,"Im Rahmen ihrer Mexikoreise besuchten #BundesprÃ¤sident Frank-Walter #Steinmeier und seine Frau Elke BÃ¼denbender am Mittwoch das Goethe-Institut Mexiko @goethemex. Danke fÃ¼r den Besuch!

Foto: Alejandra Rajal https://t.co/p12IaRfkbO",GI_Presse,Goethe-Institut Presse
150,704719319,2022-09-23 11:43:14+00:00, ,1573276803636027392,de,0,0,0,51,Twitter for iPad,"RT @IliasUyar: Hi @AuswaertigesAmt, dem diplomatischen Niveau von #Aserbaidschan mag es entsprechen, ist es aber fÃ¼r Sie akzeptabel, wenn dâ€¦",GrgoireT,GrÃ©goire Tafankejian
151,1012750715419287552,2022-09-23 11:26:10+00:00, ,1573272505867173888,de,0,0,0,51,Twitter Web App,"RT @IliasUyar: Hi @AuswaertigesAmt, dem diplomatischen Niveau von #Aserbaidschan mag es entsprechen, ist es aber fÃ¼r Sie akzeptabel, wenn dâ€¦",stein_til,Tilly
152,20381917,2022-09-23 11:14:42+00:00, ,1573269621129580546,de,0,0,0,0,kathch,Â«Das Problem ist die TherapieÂ» @tachlesnews #BundesprÃ¤sident #Juden https://t.co/7lMWB2b8um,kathch,Portal kath.ch
153,512928461,2022-09-23 11:12:19+00:00, ,1573269024292708352,de,0,0,0,51,Twitter for Android,"RT @IliasUyar: Hi @AuswaertigesAmt, dem diplomatischen Niveau von #Aserbaidschan mag es entsprechen, ist es aber fÃ¼r Sie akzeptabel, wenn dâ€¦",herr_berrt,marcuse
154,1569723208596865024,2022-09-23 11:09:12+00:00, ,1573268236979900416,de,0,0,0,51,Twitter for Android,"RT @IliasUyar: Hi @AuswaertigesAmt, dem diplomatischen Niveau von #Aserbaidschan mag es entsprechen, ist es aber fÃ¼r Sie akzeptabel, wenn dâ€¦",Levon64406850,Levon
155,2708393068,2022-09-23 10:41:03+00:00, ,1573261153467252739,de,0,0,0,51,Twitter Web App,"RT @IliasUyar: Hi @AuswaertigesAmt, dem diplomatischen Niveau von #Aserbaidschan mag es entsprechen, ist es aber fÃ¼r Sie akzeptabel, wenn dâ€¦",taltalim_tali,tali taltalim
156,1310714011663708160,2022-09-23 10:37:50+00:00, ,1573260345388441602,de,0,0,0,51,Twitter Web App,"RT @IliasUyar: Hi @AuswaertigesAmt, dem diplomatischen Niveau von #Aserbaidschan mag es entsprechen, ist es aber fÃ¼r Sie akzeptabel, wenn dâ€¦",DAsilbekyan,Davit Asilbekyan
157,3429826187,2022-09-23 10:37:32+00:00, ,1573260269954150400,und,0,0,0,0,Twitter for Android,"#wahlzumbundesprÃ¤si
#wennehmaden?
#AUT
#bundesprÃ¤sident https://t.co/dVkPvTs4R3",werndlstadter,WerndlstÃ¤dter
158,1312791662222024704,2022-09-23 10:36:57+00:00, ,1573260122524364800,de,0,0,0,51,Twitter for Android,"RT @IliasUyar: Hi @AuswaertigesAmt, dem diplomatischen Niveau von #Aserbaidschan mag es entsprechen, ist es aber fÃ¼r Sie akzeptabel, wenn dâ€¦",WolfGangL81,Wolfgang
159,1184257357930467333,2022-09-23 10:36:16+00:00, ,1573259950377369602,de,0,0,0,51,Twitter for Android,"RT @IliasUyar: Hi @AuswaertigesAmt, dem diplomatischen Niveau von #Aserbaidschan mag es entsprechen, ist es aber fÃ¼r Sie akzeptabel, wenn dâ€¦",FiratTurgutW,FÄ±rat Turgut
160,905920560,2022-09-23 10:32:40+00:00, ,1573259042599968772,de,0,0,0,51,Twitter for Android,"RT @IliasUyar: Hi @AuswaertigesAmt, dem diplomatischen Niveau von #Aserbaidschan mag es entsprechen, ist es aber fÃ¼r Sie akzeptabel, wenn dâ€¦",tumalwas,tumalwas #team@tigerelch
161,56394959,2022-09-23 10:31:54+00:00, ,1573258849955778563,de,0,0,0,51,Twitter for Android,"RT @IliasUyar: Hi @AuswaertigesAmt, dem diplomatischen Niveau von #Aserbaidschan mag es entsprechen, ist es aber fÃ¼r Sie akzeptabel, wenn dâ€¦",raz_u,#FreeThemAll
162,400671340,2022-09-23 10:25:00+00:00, ,1573257113840877574,de,0,0,0,51,Twitter Web App,"RT @IliasUyar: Hi @AuswaertigesAmt, dem diplomatischen Niveau von #Aserbaidschan mag es entsprechen, ist es aber fÃ¼r Sie akzeptabel, wenn dâ€¦",TigranAbgarjan,Tigran Abgarjan â™° ğŸ‡¦ğŸ‡²
163,908346504989085699,2022-09-23 10:23:47+00:00, ,1573256808139038722,de,0,0,0,51,Twitter for iPhone,"RT @IliasUyar: Hi @AuswaertigesAmt, dem diplomatischen Niveau von #Aserbaidschan mag es entsprechen, ist es aber fÃ¼r Sie akzeptabel, wenn dâ€¦",kngregorian,Karnik Gregorian
164,1467889702648885258,2022-09-23 10:22:46+00:00, ,1573256554526171137,de,0,0,0,51,Twitter Web App,"RT @IliasUyar: Hi @AuswaertigesAmt, dem diplomatischen Niveau von #Aserbaidschan mag es entsprechen, ist es aber fÃ¼r Sie akzeptabel, wenn dâ€¦",mxjkblindemann,Max Jakob Lindemann
165,4821992621,2022-09-23 10:17:24+00:00, ,1573255203465433088,de,0,0,0,51,Twitter Web App,"RT @IliasUyar: Hi @AuswaertigesAmt, dem diplomatischen Niveau von #Aserbaidschan mag es entsprechen, ist es aber fÃ¼r Sie akzeptabel, wenn dâ€¦",Boesmensch60488,BÃ¶smensch ğŸ‡©ğŸ‡ªğŸ‡¦ğŸ‡²
166,584085933,2022-09-23 10:05:38+00:00, ,1573252239350812674,de,0,0,0,51,Twitter Web App,"RT @IliasUyar: Hi @AuswaertigesAmt, dem diplomatischen Niveau von #Aserbaidschan mag es entsprechen, ist es aber fÃ¼r Sie akzeptabel, wenn dâ€¦",philiphogh,Philip Hogh
167,897554471894560769,2022-09-23 09:57:24+00:00, ,1573250170426630144,de,0,0,0,51,Twitter for Android,"RT @IliasUyar: Hi @AuswaertigesAmt, dem diplomatischen Niveau von #Aserbaidschan mag es entsprechen, ist es aber fÃ¼r Sie akzeptabel, wenn dâ€¦",Lemmi2017,Michael Lemm
168,76948009,2022-09-23 09:52:56+00:00, ,1573249045723758592,de,0,0,0,51,Twitter for Android,"RT @IliasUyar: Hi @AuswaertigesAmt, dem diplomatischen Niveau von #Aserbaidschan mag es entsprechen, ist es aber fÃ¼r Sie akzeptabel, wenn dâ€¦",Politikcity,Hansi
169,2473415961,2022-09-23 09:51:10+00:00, ,1573248601689624576,de,0,0,0,51,Twitter for Android,"RT @IliasUyar: Hi @AuswaertigesAmt, dem diplomatischen Niveau von #Aserbaidschan mag es entsprechen, ist es aber fÃ¼r Sie akzeptabel, wenn dâ€¦",Stadtschaf,Jon Uhu
170,1478413412262715394,2022-09-23 09:49:09+00:00, ,1573248091117191168,de,0,0,0,51,Twitter for Android,"RT @IliasUyar: Hi @AuswaertigesAmt, dem diplomatischen Niveau von #Aserbaidschan mag es entsprechen, ist es aber fÃ¼r Sie akzeptabel, wenn dâ€¦",HasanHa95212799,BahozDersim62
171,4293955461,2022-09-23 09:47:24+00:00, ,1573247651478642688,de,0,0,0,51,Twitter Web App,"RT @IliasUyar: Hi @AuswaertigesAmt, dem diplomatischen Niveau von #Aserbaidschan mag es entsprechen, ist es aber fÃ¼r Sie akzeptabel, wenn dâ€¦",Dame_vonWelt,dame.von.welt
172,436220250,2022-09-23 09:45:08+00:00, ,1573247081573138434,de,0,0,0,51,Twitter for iPhone,"RT @IliasUyar: Hi @AuswaertigesAmt, dem diplomatischen Niveau von #Aserbaidschan mag es entsprechen, ist es aber fÃ¼r Sie akzeptabel, wenn dâ€¦",Aram1174,Aram1174
173,1462607316,2022-09-23 09:45:03+00:00, ,1573247061209776130,de,0,0,0,51,Twitter for Android,"RT @IliasUyar: Hi @AuswaertigesAmt, dem diplomatischen Niveau von #Aserbaidschan mag es entsprechen, ist es aber fÃ¼r Sie akzeptabel, wenn dâ€¦",zart_core,zart core
174,1191820782537789440,2022-09-23 09:40:04+00:00, ,1573245808085958656,de,0,0,0,51,Twitter Web App,"RT @IliasUyar: Hi @AuswaertigesAmt, dem diplomatischen Niveau von #Aserbaidschan mag es entsprechen, ist es aber fÃ¼r Sie akzeptabel, wenn dâ€¦",grnr_s,Seb
175,1317432797032779831,2022-09-23 09:35:32+00:00, ,1573244664303570944,de,0,0,0,51,Twitter Web App,"RT @IliasUyar: Hi @AuswaertigesAmt, dem diplomatischen Niveau von #Aserbaidschan mag es entsprechen, ist es aber fÃ¼r Sie akzeptabel, wenn dâ€¦",RaffiNoName,Raffi / #FreeArmenianPOWs
176,1214663181831954432,2022-09-23 09:33:52+00:00, ,1573244245602877441,de,0,0,0,51,Twitter for iPhone,"RT @IliasUyar: Hi @AuswaertigesAmt, dem diplomatischen Niveau von #Aserbaidschan mag es entsprechen, ist es aber fÃ¼r Sie akzeptabel, wenn dâ€¦",klimovskayaa,Anastasia
177,1416702537168789505,2022-09-23 09:27:28+00:00, ,1573242635435020288,de,0,0,0,51,Twitter for Android,"RT @IliasUyar: Hi @AuswaertigesAmt, dem diplomatischen Niveau von #Aserbaidschan mag es entsprechen, ist es aber fÃ¼r Sie akzeptabel, wenn dâ€¦",LarsKppen2,Lars KÃ¶ppen
178,1156992094625550336,2022-09-23 09:26:22+00:00, ,1573242359193681922,de,0,0,0,51,Twitter Web App,"RT @IliasUyar: Hi @AuswaertigesAmt, dem diplomatischen Niveau von #Aserbaidschan mag es entsprechen, ist es aber fÃ¼r Sie akzeptabel, wenn dâ€¦",niedarein,Niedarein
179,50766270,2022-09-23 09:25:24+00:00, ,1573242114221170690,de,0,0,0,51,Twitter for Android,"RT @IliasUyar: Hi @AuswaertigesAmt, dem diplomatischen Niveau von #Aserbaidschan mag es entsprechen, ist es aber fÃ¼r Sie akzeptabel, wenn dâ€¦",textautomat,Anna Aridzanjan
180,2834374103,2022-09-23 09:22:42+00:00, ,1573241436971192320,de,0,0,0,51,Twitter Web App,"RT @IliasUyar: Hi @AuswaertigesAmt, dem diplomatischen Niveau von #Aserbaidschan mag es entsprechen, ist es aber fÃ¼r Sie akzeptabel, wenn dâ€¦",NarBarVie,Narine
181,1314658724661915653,2022-09-23 09:22:08+00:00, ,1573241291831668736,de,0,0,0,51,Twitter for iPhone,"RT @IliasUyar: Hi @AuswaertigesAmt, dem diplomatischen Niveau von #Aserbaidschan mag es entsprechen, ist es aber fÃ¼r Sie akzeptabel, wenn dâ€¦",mi_hayuhi,Claire Zachanassian âœ¨4
182,2250172014,2022-09-23 09:20:12+00:00, ,1573240807502528513,de,146,20,1,51,Twitter for iPhone,"Hi @AuswaertigesAmt, dem diplomatischen Niveau von #Aserbaidschan mag es entsprechen, ist es aber fÃ¼r Sie akzeptabel, wenn die ğŸ‡¦ğŸ‡¿ Botschaft in #Berlin derart Hass schÃ¼rt? Wird Hr. #BundesprÃ¤sident unter d. UmstÃ¤nden den design. Botschafter ğŸ‡¦ğŸ‡¿ akkreditieren, Frau @BPrSprecherin? https://t.co/vIUYPwAGJe",IliasUyar,Ilias Uyar - Ô»Õ¬Õ«Õ¡Õ½ Õ€Õ¡ÖÕºÕ¡Õ¶Õ¥Õ¡Õ¶
183,1453996365034541058,2022-09-23 08:46:37+00:00, ,1573232356047085569,de,1,0,1,0,Twitter for iPhone,"Wenn alle Schweizer so wÃ¤ren, dann wÃ¤re mir das kleine Alpenland verdammt unsympathisch: Der #Schweizer #BundesprÃ¤sident Ignazio #Cassis @ignaziocassis stellt sich hier mit #Russlands #AuÃŸenminister #Lawrov zum gemeinsamen Foto. https://t.co/w0Spzbffog",CGrusdt,Christian Grusdt
184,1147172063221882883,2022-09-23 07:31:14+00:00, ,1573213382790074369,de,0,0,0,0,Twitter for Android,"Ihr lebt im besten Deutschland aller Zeiten! Und ich zum GlÃ¼ck seit einigen Jahren nicht mehr:). 
#BundesprÃ¤sident #GrueneRausausdenParlamenten #BundesregierungRuecktritt #Habeck https://t.co/g3IICBDXxq",ConatoRalf,Henry_Hogan
185,986933464359407616,2022-09-23 06:46:22+00:00, ,1573202095678816262,de,0,0,0,2,Twitter Web App,RT @DeTottel: Liebe #Oesterreicher in der zib2 ein Interview mit einem #MfG Politiker der #BundesprÃ¤sident werden will. Tut mir den Gefalleâ€¦,john_medalen,John Alexander Medalen
186,605717917,2022-09-23 00:45:11+00:00, ,1573111197288775686,de,0,0,0,0,Twitter Web App,". @hartaberfair ... Ich persÃ¶nlich wÃ¼rde eine deutsche #Monarchie nach britischem Vorbild befÃ¼rworten. Es gibt deutsche AdelshÃ¤user, die diesen Part ausfÃ¼llen kÃ¶nnten, teilweise durch Eigenfinanzierung. Besser als ein #BundesprÃ¤sident, der nur von Steuern bezahlt wird.",Maddo1976,Der Morgo - Realist ğŸ‡ºğŸ‡¦
187,1189211350486126594,2022-09-22 22:17:06+00:00, ,1573073931334045699,de,0,0,0,2,Twitter for Android,RT @DeTottel: Liebe #Oesterreicher in der zib2 ein Interview mit einem #MfG Politiker der #BundesprÃ¤sident werden will. Tut mir den Gefalleâ€¦,ReinerAberJa,Reiner Aber Ja
188,1092675535690452992,2022-09-22 20:28:26+00:00, ,1573046584593772544,de,2,0,0,2,Twitter for Android,"Liebe #Oesterreicher in der zib2 ein Interview mit einem #MfG Politiker der #BundesprÃ¤sident werden will. Tut mir den Gefallen und wÃ¤hlt keine Spinner und Populisten. 
Lasst Euch nicht von Stammtischgequatsche verfÃ¼hren.",DeTottel,Climate News Germany
189,238511476,2022-09-22 20:20:39+00:00, ,1573044625191104512,de,0,0,0,0,Twitter for iPhone,"Das Hemd ist mir nÃ¤her als der #Rockâ€œ sagt #BundesprÃ¤sident Kandidat Michael #Brunner in der #zib2 und kÃ¼rzt wohl nicht nur diesen, sondern gerne auch seine SÃ¤tze. ğŸ‘ ğŸ‘  #vermutung",mgitzi,Michael Gitzi
190,1475876801427783682,2022-09-22 14:25:28+00:00, ,1572955243041722368,qme,0,0,0,1,Twitter Web App,RT @MartinMeinung: #vanderbellen #bundesprÃ¤sident #fanderbellen https://t.co/2y5eTgOwqq,willyscheibi63,wilhelm scheibengraf
191,1356557456860712963,2022-09-22 12:59:40+00:00, ,1572933647912550410,de,0,0,0,0,Twitter Web App,"...stelle mir gerade vor, wie DAS ankommen wÃ¼rde, wenn beispielsweise #BundesprÃ¤sident #Steinmeier das so inszeniert hÃ¤tte...",NicNiggli,Nic Christoph Niggli
192,173511443,2022-09-22 08:22:26+00:00, ,1572863882561044481,de,0,0,0,0,Twitter Web App,"Â«Das LÃ¤cheln hÃ¤tten Sie sich sparen kÃ¶nnen, Herr #BundesprÃ¤sident!Â» 

""Poker Face"" oder ""gute Miene zum bÃ¶sen Spiel"" , egal Herr #Cassis tritt in angespannter Lage mit seiner HyperaktivitÃ¤t immer ins ""FettnÃ¤pfchen"" obwohl er es gut meint ;-)

https://t.co/EdXo3JDSGO",Businessimpuls,Businessimpuls
193,85943423,2022-09-22 07:57:17+00:00, ,1572857551930421249,es,0,0,0,1,Twitter for Android,"RT @MehniG: Con esto del #Sismomexico, todxs muy Dua Lipa pero Â¿y quien se acuerda del #BundesprÃ¤sident Frank-Walter Steinmeier? ğŸ‡©ğŸ‡ª https:/â€¦",ingriddiamond,Lustucru â›¸ï¸
194,47200654,2022-09-22 07:54:17+00:00, ,1572856796217487360,es,1,0,0,1,Twitter for iPhone,"Con esto del #Sismomexico, todxs muy Dua Lipa pero Â¿y quien se acuerda del #BundesprÃ¤sident Frank-Walter Steinmeier? ğŸ‡©ğŸ‡ª https://t.co/aJKQS3J88x",MehniG,"ğŸ¤â€» Yo, Mehni - ì €ëŠ” ë§¤ë‹ˆì˜ˆìš”â€» ğŸ¤"
195,1015979219124441089,2022-09-22 07:18:19+00:00, ,1572847747098677249,de,0,0,0,1,App Twitter 101011011,"RT @UN_Ozeandekade: #Maritime Woche 2022 #Bremen 23.9. - 25.9. Deutscher #Schifffahrtstag 2022 29.9. â€“ 3.10., #Schirmherrschaft #BundesprÃ¤sâ€¦",LowSulfurBunker,Low Sulfur Bunker Global Information Centre
196,259686973,2022-09-22 07:11:37+00:00, ,1572846061647167489,de,0,0,0,0,Emplifi,"#BundesprÃ¤sident #Cassis trifft russischen #Aussenminister #Lawrow und erntet harte Kritik.

#ZÃ¼riToday #Schweiz #Russland #Kritik #Politik  https://t.co/qBKo7hGF5j",zueritoday,ZÃ¼riToday
197,1399803560804720644,2022-09-22 07:05:14+00:00, ,1572844455170052096,de,0,0,0,1,Twitter for iPhone,"#Maritime Woche 2022 #Bremen 23.9. - 25.9. Deutscher #Schifffahrtstag 2022 29.9. â€“ 3.10., #Schirmherrschaft #BundesprÃ¤sident Dr. FW Steinmeier #Bremen, #Bremerhaven. Nachhaltige Schifffahrt: Gemeinsam, klar, sauber!â€œ.
https://t.co/Wo3XYFAMam
https://t.co/c2NCE2MMkm
Foto: BSH https://t.co/l3FOWjQxSo",UN_Ozeandekade,UN_Ozeandekade_Deutschland
198,487045050,2022-09-22 06:07:25+00:00, ,1572829901799174144,de,0,0,0,0,Twitter Web App,"Ein #BundesprÃ¤sident sollte auf das #Wohl der #BevÃ¶lkerung schauen! Deshalb dieses Mal nicht @derkandidat_vdb! Er tut zuwenig, nur weil seine #Parteifreunde von @diegruenen in der Regierung sind. Echte UnabhÃ¤ngigkeit sieht anders aus!",AlexWolf1982,Alexander Henry Wolf
199,1463854001116495881,2022-09-22 05:07:31+00:00, ,1572814828275924992,de,0,0,0,7,Twitter for Android,RT @srfnews: #BundesprÃ¤sident #IgnazioCassis hat fÃ¼r seine Rede an der UNO-Generalversammlung betrÃ¤chtliche internationale Beachtung bekommâ€¦,devcalebalways,Caleb Yang
200,548390393,2022-09-22 05:01:10+00:00, ,1572813230791168001,de,0,0,0,7,Twitter for iPhone,RT @srfnews: #BundesprÃ¤sident #IgnazioCassis hat fÃ¼r seine Rede an der UNO-Generalversammlung betrÃ¤chtliche internationale Beachtung bekommâ€¦,IdaMaria16,Ida Maria
201,518409106,2022-09-21 21:16:41+00:00, ,1572696342257967105,de,0,0,0,3,Twitter for iPad,RT @LutzG: @SocialPatrik @sanktionsfrei @SteinhausHelena Der Stolz der @spdbt in 2005: Wir haben den billigsten Arbeitsmarkt Europas geschaâ€¦,Wachkatze,Wachkatze
202,706123898019049472,2022-09-21 21:04:39+00:00, ,1572693313781899264,de,0,0,0,1,Twitter Web App,"RT @BirnstinglausRo: Habe durchaus pos. Menschenbild.
Aber beim besten Willen:
#Wallentin #Grosz #Rosenkranz #Pogo #Brunner #Staudinger kÃ¶nâ€¦",BirnstinglausRo,"Trude Beiler, Rom"
203,1527328047351083008,2022-09-21 20:18:44+00:00, ,1572681757266264071,de,1,0,0,0,Twitter Web App,"Und steht euer #BundesprÃ¤sident schon im Iran an der Front und prÃ¼gelt auf unverschleierte Frauen ein? Oder Ã¼bt er sich schon im Menschen-Abschlachten?

Unfassbar, welcher Geist diese moralisch verkommene Person, beherrscht. Ekelhafter Schurken-Kommunist!",bellando_stella,Echte FrauğŸŒ¹+ ğŸš¿ ğŸš¿ğŸš¿
204,1281321,2022-09-21 19:35:56+00:00, ,1572670983915581441,de,0,0,0,3,Twitter for iPhone,RT @LutzG: @SocialPatrik @sanktionsfrei @SteinhausHelena Der Stolz der @spdbt in 2005: Wir haben den billigsten Arbeitsmarkt Europas geschaâ€¦,claudine,claudine
205,80784806,2022-09-21 18:57:10+00:00, ,1572661230115983365,de,0,0,0,3,Twitter Web App,RT @LutzG: @SocialPatrik @sanktionsfrei @SteinhausHelena Der Stolz der @spdbt in 2005: Wir haben den billigsten Arbeitsmarkt Europas geschaâ€¦,ThomasKnorra,Thomas Knorra ğŸ˜· FÃ¼r #Kinderrechte!
206,38809359,2022-09-21 18:33:05+00:00, ,1572655170902712320,de,0,0,0,1,Twitter for Android,"RT @Hofze1: #ORF #Journalismus #imzentrum #wahl22 #servustv #OeNR #wahl22tirol #bundespraesident 
Endlich ein Moderator der einmal Klartextâ€¦",Hafelekar,Hafelekar
207,190623962,2022-09-21 18:29:25+00:00, ,1572654245345624066,de,2,0,0,0,Twitter Web App,"Kandidatencheck zur Ã–sterreichwahl!
Heute Tassilo Wallentin.
FÃ¼r die @kleinezeitung, Ã–sterreichs zweitgrÃ¶ÃŸter Tageszeitung, habe ich eine Video Kolumne fÃ¼r euch gemacht.
Link zum Video:
https://t.co/VeRd7SuOGv

#kÃ¶rpersprache
#bundesprÃ¤sident
#wahl2022
#wahl22
#bpwahl22
@TassWall",StefanVerra,Stefan Verra
208,1443360055,2022-09-21 18:19:39+00:00, ,1572651790071373824,de,0,0,0,0,Twitter for iPhone,"Wie zwei gute Freundeâ€¦ freundlicher Handshake mit einem der Blut an den HÃ¤nden hat, NOGO!!! ğŸ¤®ğŸ¤® @ignaziocassis #bundesprÃ¤sident @EDA_DFAE  #Lavrov #UkraineRussiaWar #Schweiz @UN https://t.co/UrKpMTyWbn",MarcelReinmann,marcel reinmann ğŸ‡¨ğŸ‡­ğŸ‡ºğŸ‡¦ğŸ•Š
209,24754069,2022-09-21 15:10:18+00:00, ,1572604136461406212,de,11,0,1,3,Twitter Web App,"@SocialPatrik @sanktionsfrei @SteinhausHelena Der Stolz der @spdbt in 2005: Wir haben den billigsten Arbeitsmarkt Europas geschaffen! Hurra!
Mitverantwortlich bis heute der amtierende #BundesprÃ¤sident @FrankWalterSte8  , damals Kanzleramtsminister auf dem SchoÃŸ vom SchrÃ¶der. Meine tiefste Verachtung!",LutzG,Lutz GroÃŸe
210,884773451868844032,2022-09-21 15:01:33+00:00, ,1572601933147275264,de,0,0,0,7,Tweetbot for iÎŸS,RT @srfnews: #BundesprÃ¤sident #IgnazioCassis hat fÃ¼r seine Rede an der UNO-Generalversammlung betrÃ¤chtliche internationale Beachtung bekommâ€¦,uherren1,Ueli Herren
211,706123898019049472,2022-09-21 14:59:09+00:00, ,1572601331483021313,de,5,0,0,1,Twitter Web App,"Habe durchaus pos. Menschenbild.
Aber beim besten Willen:
#Wallentin #Grosz #Rosenkranz #Pogo #Brunner #Staudinger kÃ¶nnen sich bestenfalls im #Karneval als #BundesprÃ¤sident verkleiden.
WÃ¼rde jemand davon wg. Ausfalls von #vanderBellen ins Amt kommen, gÃ¤be es tÃ¤gl. #Staatskrisen. https://t.co/ZAGGOaFUtp",BirnstinglausRo,"Trude Beiler, Rom"
212,25581169,2022-09-21 14:48:30+00:00, ,1572598650261610496,de,0,0,0,0,rss2twitter-PHP5,Pressemitteilung zum Mexiko-Besuch von BundesprÃ¤sident Frank-Walter Steinmeier https://t.co/VEiBTdIJYH #MexikoBesuch #Bundespraesident #chiapas98,chiapas98,Chiapas98
213,1130183172925345792,2022-09-21 14:39:41+00:00, ,1572596432804401154,de,0,0,0,1,Twitter for iPhone,"#ORF #Journalismus #imzentrum #wahl22 #servustv #OeNR #wahl22tirol #bundespraesident 
Endlich ein Moderator der einmal Klartext spricht ğŸ‘ğŸ‘ 
https://t.co/CQBCaCXRVV",Hofze1,Hofze
214,726033477188096000,2022-09-21 13:58:55+00:00, ,1572586173708607488,de,0,0,0,1,iCellApp,"RT @DiePressecom: Ist der amtierende #BundesprÃ¤sident Ã¼berheblich, weil er sich keiner gemeinsamen Diskussion mit seinen Herausforderern stâ€¦",disinformate_at,disinformate.com (AUT)
215,2969405391,2022-09-21 13:38:20+00:00, ,1572580994162774017,de,0,0,0,7,Twitter Web App,RT @srfnews: #BundesprÃ¤sident #IgnazioCassis hat fÃ¼r seine Rede an der UNO-Generalversammlung betrÃ¤chtliche internationale Beachtung bekommâ€¦,scheerenberger,Birgit S -bitte nur mit Maske!
216,23053482,2022-09-21 13:04:54+00:00, ,1572572577134161920,de,5,0,5,1,Echobox,"Ist der amtierende #BundesprÃ¤sident Ã¼berheblich, weil er sich keiner gemeinsamen Diskussion mit seinen Herausforderern stellt? Oder ist das seinem Amt geschuldet? Marie-Claire Zimmermann befragte den BundesprÃ¤sidenten in der â€#ZiB 2â€œ. #VanderBellen #Zei... https://t.co/kJZ3DBf2Z3",DiePressecom,Die Presse
217,120757586,2022-09-21 12:22:53+00:00, ,1572562006796017666,de,0,0,0,7,Twitter for iPhone,RT @srfnews: #BundesprÃ¤sident #IgnazioCassis hat fÃ¼r seine Rede an der UNO-Generalversammlung betrÃ¤chtliche internationale Beachtung bekommâ€¦,Ced_Ry,Ced
218,1568641137933488128,2022-09-21 11:54:31+00:00, ,1572554867759263744,de,0,0,0,7,Twitter for iPad,RT @srfnews: #BundesprÃ¤sident #IgnazioCassis hat fÃ¼r seine Rede an der UNO-Generalversammlung betrÃ¤chtliche internationale Beachtung bekommâ€¦,EiPhone68,EiPhone68
219,1480272404299628544,2022-09-21 11:49:29+00:00, ,1572553598202155015,de,0,0,0,7,Twitter for iPhone,RT @srfnews: #BundesprÃ¤sident #IgnazioCassis hat fÃ¼r seine Rede an der UNO-Generalversammlung betrÃ¤chtliche internationale Beachtung bekommâ€¦,Saverio6518,Saverio
220,17864468,2022-09-21 11:46:23+00:00, ,1572552820406030337,de,40,1,9,7,Twitter Media Studio,"#BundesprÃ¤sident #IgnazioCassis hat fÃ¼r seine Rede an der UNO-Generalversammlung betrÃ¤chtliche internationale Beachtung bekommen. Der Grund dÃ¼rfte im Beitritt zum kleinen, aber gewichtigen Gremium des Schon in drei Monaten wird die Schweiz dort dazugehÃ¶ren. #UNO https://t.co/A6yjT4kvGa",srfnews,SRF News
221,1491143324069249025,2022-09-21 11:20:28+00:00, ,1572546299370835968,de,5,0,0,0,Twitter for Android,"@ardmoma @ABaerbock Und im Februar gratuliert #BundesprÃ¤sident #Steinmeier den iranischen Mullahs dann wieder ganz artig zum ""Nationalfeiertag"". Widerliche #Doppelmoral!",Eugen198022,Eugen1980
222,2946165622,2022-09-21 08:48:33+00:00, ,1572508064833765377,de,1,0,0,0,Twitter Web App,"Gesetze werden in ğŸ‡©ğŸ‡ªimmer noch erst durch die Unterschrift des #BundesprÃ¤sident gÃ¼ltig! 
Die Zustimmung von #claudiaroth reicht dafÃ¼r NICHT.ğŸ˜˜
WELCHE #Gruenen-Fresser kÃ¶nnen sich die 1979 in #Harsewinkel geborene Alice Elisabeth #Weidel in einem #Oktoberfest-Bierzelt vorstellen? https://t.co/9Cx9xKKE3C",KollerRegina,Regina Koller
223,1447706185176657925,2022-09-20 22:18:54+00:00, ,1572349608076152832,de,0,0,0,4,Twitter Web App,"RT @maischberger: â€Wir mÃ¼ssen jetzt mit allen unseren MÃ¶glichkeiten die Ukraine unterstÃ¼tzenâ€œ, sagt der #BundesprÃ¤sident a.D. Christian #Wuâ€¦",MohamedBeji61,Mohamed Beji
224,1447706185176657925,2022-09-20 22:18:51+00:00, ,1572349599372935170,de,0,0,0,9,Twitter Web App,"RT @maischberger: â€Wenn das Schule macht, fÃ¼hrt das zu Krieg in der ganzen Weltâ€œ, so der #BundesprÃ¤sident a.D. Christian #Wulff Ã¼ber den Reâ€¦",MohamedBeji61,Mohamed Beji
225,227951754,2022-09-20 20:24:30+00:00, ,1572320819782782979,de,0,0,0,0,Twitter for iPhone,"Eben gelernt. Wer #Bundespraesident wird, hÃ¤ngt von den WLAN ab",ivo815,ğ‘°. ğ’—. ğ‘¶. Initiative versus Ochlokratie ğŸ‡ºğŸ‡¦
226,1518885906861670400,2022-09-20 16:50:03+00:00, ,1572266850519756801,de,1,0,0,0,Twitter for iPhone,In freudiger Erwartung!! #bundespraesident #bundesprÃ¤sidentenwahl #wÃ¤hlen #wÃ¤hvdb #allesgegenvdb https://t.co/DWvzc9EYEw,neuzeitpunk,Neuzeitpunk
227,1568829323628404737,2022-09-20 13:26:25+00:00, ,1572215605163442177,de,0,0,0,1,Twitter for Android,"RT @EmmaPeel_Knight: #Ã–sterreichğŸ‡¦ğŸ‡¹#ORF #ZIB2
#TassiloWallentin: Â»...Aber im Falle des Falls habe ich (als #BundesprÃ¤sident) das Wohl der BÃ¼â€¦",kraft_deejay,deejay kraft
228,393670812,2022-09-20 12:10:10+00:00, ,1572196418424799235,de,0,0,1,0,Twitter Web App,"@DanielF85764655 @kulimaupa @RND_de @saschalobo Ich habe keine Infos darÃ¼ber, dass d. GEWÃ„HLTE #BundesprÃ¤sident o. seine Vorfahren von Verbrechen u. Raub profitiert hÃ¤tten. Kann ihn deshalb auch nicht kritisieren, wie teuer er auch sein mag.",SamuelAbane,Samuel Alain Abane
229,506131716,2022-09-20 09:40:00+00:00, ,1572158626537553920,de,1,0,1,0,Twitter Web App,"#Ã–sterreichğŸ‡¦ğŸ‡¹#ORF #ZIB2
#TassiloWallentin: Â»Ich habe ein Interesse daran (#BundesprÃ¤sident zu werden), weil ich mit niemandem Â»verhabertÂ« bin und weil ich eine gesunde Distanz zur Politik habe und auch wahren werde.Â« 11/ğŸ‘‡ https://t.co/Ybg4t5LLI8",EmmaPeel_Knight,Judith GrohmannğŸ‡¦ğŸ‡¹ğŸ‡ªğŸ‡º
230,506131716,2022-09-20 09:28:57+00:00, ,1572155846338936832,de,4,0,1,1,Twitter Web App,"#Ã–sterreichğŸ‡¦ğŸ‡¹#ORF #ZIB2
#TassiloWallentin: Â»...Aber im Falle des Falls habe ich (als #BundesprÃ¤sident) das Wohl der BÃ¼rger zu vertreten.Â« 7/ğŸ‘‡ https://t.co/IcY3VfIyCm",EmmaPeel_Knight,Judith GrohmannğŸ‡¦ğŸ‡¹ğŸ‡ªğŸ‡º
231,473896747,2022-09-20 09:23:20+00:00,9f659d51e5c5deae,1572154432011522050,de,3,0,1,0,Twitter for Android,Gut. Und wer von den sieben ist jetzt wirklich wÃ¤hlbar? #bundespraesident #ratlos,PHefelle,Pauli zwitschertğŸ‡¦ğŸ‡¹ğŸ‡ªğŸ‡ºğŸ¥
232,1532741749134790656,2022-09-20 07:27:44+00:00, ,1572125339526041600,de,12,0,0,0,Twitter for Android,Heute kommt eine Tutorin aus dem #Kamenz|er #Lessinggymnasium mit ihrem Kurs in das #Stadtarchiv. Wir planen da was ... #Geschichtswettbewerb #BundesprÃ¤sident @KoerberHistory https://t.co/ttoKJY4SLB,ThoBiArchivator,Thomas Binder
233,3175621173,2022-09-20 06:22:48+00:00, ,1572108998119198721,de,0,0,0,0,Twitter for Android,Und mehr muss eins* Ã¼ber diesen Kandidaten auch nicht wissen... #bpw22 #austria #politics #bundespraesident https://t.co/8KV1MO0oyJ,ndis89,(((Nikolaus)))
234,1019213576148484096,2022-09-20 05:52:02+00:00, ,1572101255849299969,de,7,0,0,0,Twitter for Android,"Das simma wieder bei den falschen FaktenğŸ¤¦ğŸ»â€â™€ï¸#tassilowallentin #bundespraesident #wahl Wenn solche Leute sich fÃ¼r die hÃ¶chsten Ã„mter bewerben, na servas, armes Ã–sterreich.",elke_burger,ğŸŒ¶Die KÃ¤rntnerin ğŸ“šğŸ–ŒğŸ¨ğŸ‘©ğŸ»â€ğŸ¨ğŸšµğŸ»â€â™€ï¸ğŸ‘©ğŸ»â€ğŸ³ğŸ§˜ğŸ»â€
235,19528958,2022-09-20 05:45:25+00:00, ,1572099592841306113,de,0,0,0,0,Twitter for Android,der Typ bewirbt sich aber nicht wirklich als #BundesprÃ¤sident in #Ã–sterreich â“ğŸ˜‚ https://t.co/4kNabP36Wp,nagel_berlin,nagel-bln
236,753503616,2022-09-19 21:42:13+00:00, ,1571977992460697601,de,0,0,0,2,Twitter for iPhone,"RT @SimonSchuster9: Genial, wer ist jetzt der SpaÃŸkandidat? #bundespraesident",marcus_didius,Marcus Didius
237,1561289293875789824,2022-09-19 21:24:12+00:00, ,1571973458245963777,de,0,0,0,2,Twitter for Android,"RT @SimonSchuster9: Genial, wer ist jetzt der SpaÃŸkandidat? #bundespraesident",Arnonyhm421,ArnoFellaNyhm
238,1138361423720079360,2022-09-19 21:04:37+00:00, ,1571968527489441795,de,13,0,0,2,Twitter for iPhone,"Genial, wer ist jetzt der SpaÃŸkandidat? #bundespraesident https://t.co/IRmkO5UC2b",SimonSchuster9,der liebe Augustin vulgo Gsindl
239,1639928054,2022-09-19 20:25:27+00:00, ,1571958670900006913,de,0,0,0,0,Twitter for Android,"Wie hoch ist Ihre Chance #BundesprÃ¤sident zu werden? Wallentin:""Sehr hoch""
#keinemachtdendrogen #zib2 #bpw22",wohngrube,Wolfgang G.
